id|treatment
5d6c2b66-27b8-4c31-8670-c9e0cc1c9a3d|1.4
d628fd57-c4cd-4bfd-855e-59da588a3925|1.4
e185f40d-e88d-41bd-a2fd-2cd0fbaf7ce1|1.5
0351b627-06b4-451e-8bbc-842e318ec84b|1.4
1ab70e83-0947-4ef7-9a36-2367c0c68f5a|1.4
92af29aa-2d69-4e5e-896f-782f3a01d621|1.4
17d85303-d2f3-4b97-8dc7-27d3c2e755f6|1.5
e981ebe0-a502-4c01-adaa-b3ce5533916e|1.4
a4591f6f-cc52-455f-a359-f9dcc223e8bd|1.4
425623d1-9c69-4cfb-b9a8-ab54882dcd87|1.4
64eca2eb-a72a-49d9-9bbf-cc11f5edd677|1.4
7e4a4a0b-f12d-4b08-b208-1999c675057a|1.4
4123bd89-138e-4499-a3ff-e9a688577e47|1.4
cc140be3-f58f-4385-881a-69afe75b943c|1.5
5a9dc98e-d83e-4a71-a62f-c35d372565ba|1.4
6cdb2ecd-1b0a-4ef6-b3bb-7923917510a7|1.4
efe468db-6c1f-48d8-b800-4d209afa3dbd|1.4
9c011569-defa-47e0-bb80-aba75df7628a|1.5
1fb16953-1966-47a1-accd-b48c3104529b|1.4
2dfc128a-ba95-41e9-bf65-3cac697ae9f8|1.5
6babe00b-c510-4a2f-bca7-c2b53688dd58|1.4
1becebb6-d4f4-4ed5-8d33-a6f2c973d697|1.5
5715cf66-af5a-4d10-a672-b88dde3ddab2|1.5
8364491e-0cd4-43b4-b9d8-3827732bd206|1.5
228cdfaf-880c-4bac-aefc-2b222bea4d16|1.4
348efabf-bb5d-4c59-9dc8-1fe13441a673|1.4
aa4b257d-d4b1-4f68-80b7-50d355854faa|1.5
0befbf38-92e0-4b79-9da6-fc72051e382e|1.5
761665e6-dde6-4a70-9d46-4e7e79d32751|1.4
eac98d52-834e-4728-8755-14bf8848bf4d|1.4
857d3150-2344-4a87-81fc-8db05ea0be2d|1.4
3ac369cc-975a-4313-9566-37285a95a878|1.4
bf083fb2-7bd3-4385-a93e-38d1d2401c1c|1.4
4e093b2a-88f1-41ad-aeba-8edd140d1158|1.4
26d2f02e-5b2a-4fcc-aa44-96359f3257f8|1.5
d3accad1-001f-44d2-afc1-09161a3823ee|1.5
2f6e8362-80ae-4544-80f1-b9df0b11954f|1.4
5ca8a9c4-1812-47be-bd64-96ab2e1b2b7f|1.5
9375a5d5-60eb-49df-a08a-1d8a42ac5592|1.4
bce24e4b-018e-40c6-a8a9-404f631927f9|1.4
97badd1f-87a0-421f-a826-e20a4efa9432|1.4
d4a69640-6db8-4ce5-a90b-444755fe0cda|1.5
0adad30b-2a29-427b-8d23-1c76fc6d6fd5|1.4
82267cf1-364d-43d7-ab6e-8f0af7523fce|1.5
76f9e8e3-2a2d-46ca-8dbe-28a0aa849cc6|1.5
525afcc2-c88e-4681-8d5c-50e0d47dfd3a|1.5
abbbeae5-1f0b-4416-b5a8-d51b0e2b7d8f|1.5
866d649b-deeb-4c4c-82c8-e94892de51b4|1.4
806e2713-14a2-4de1-838d-e936d28aa3f4|1.5
5c86b81f-553c-493f-a71c-b7fcf0a7a1e3|1.5
7aa1210c-874f-4023-aba7-66a0f2b50887|1.5
a116e4cb-c098-425e-bbac-f38a86ad87ee|1.4
deebbb18-a9ec-47ff-bd43-5c802768a975|1.5
87519a19-24c5-41db-a5dc-8152d60a59e5|1.4
6d94cc3b-a691-47ad-bce7-27377f87a0f9|1.5
2d02aceb-2694-4d96-b251-7eacedb2f7a5|1.4
91090fff-f9fd-4e2f-a490-c46c3b10feb7|1.4
73d8f9ab-8948-4744-8160-a26c7f76d2d6|1.4
da9a9c26-6bad-475b-931b-cb268fd32d80|1.4
1524e8bc-da39-4766-a3fe-a334c0390292|1.4
32ed435c-7c36-4a88-8961-90392026be6f|1.4
6b8642b3-6b11-4e49-aedb-af1c2049dbb1|1.5
8af05d77-7ede-4b51-883d-bf4fc397c8b1|1.4
e7d76f97-a59b-468b-9037-96ac839fa9ea|1.4
c2061da3-78bc-45d3-81b5-82e1b4cf6cb2|1.4
dba09f24-6f76-494a-9f5f-146a8d2b7404|1.4
2fa91f2b-bddc-4dc8-ad60-82eb990360f6|1.5
80264dab-7a08-45f4-ad9a-fd8f4aad92c5|1.5
408e640e-87f7-4ef1-94ed-11adb4fc8ec9|1.5
D3BF5A5C-B14B-4C1C-AB23-0F23A1B878F1|1.4
4e339b64-4d5c-49ec-9e94-71005eda9a4d|1.4
6cff32bf-2825-4705-89c2-05a3121fc1b7|1.4
d98973ca-95c5-4443-b318-0a6050a59df1|1.4
66ad2845-dc7e-42a9-8fda-be17b7d61399|1.5
7fba0b45-48db-4635-b8de-4d344b9c0974|1.5
1bad2d6a-43f1-4688-a4cc-437a368569b0|1.5
d24a4dc5-a9eb-4c13-a9de-0d3c9edf7af1|1.5
eeef28cb-d6c5-4e4d-88bf-4fd04d9220bd|1.4
c767c3dc-a02b-4216-8840-e3b3fdfc94e6|1.4
1e7613cc-d1f5-440f-a54a-f789e8c81529|1.5
f0ad39c9-0e89-4ab3-b5c7-8ba64d5b3889|1.4
e66b98aa-4a58-4357-b053-8f67ede3ba06|1.5
3e0de199-aeb8-424f-9197-8eb6556975f4|1.4
1c3f877c-83bc-4e33-87d3-f0091086ba7d|1.5
0c7ec122-5426-49d5-920d-9197ac8f9c36|1.4
13dff905-f973-4366-a34a-a2b86aa4ef45|1.4
1091777d-3e74-48a4-8f0b-6be1ab96d2bd|1.4
fea50099-065d-4be2-afee-7f072f30e117|1.5
c83a1fd8-b126-440e-9d5d-378af8546754|1.5
d8a3ecfd-7841-4c78-bb42-20bb193b51f1|1.5
4a71210c-3025-4625-aec3-be386d86c254|1.5
d7d2dc2d-085c-4f12-abcd-81d7a5f83617|1.4
e147bbb5-4c2e-4445-b03c-ac49528e6c0e|1.4
6015103d-b685-4430-920f-555e2868d73e|1.4
d78c0f3d-5efa-479d-ae6b-31ada9611962|1.4
ee649f73-23ed-4d3e-a12e-8e6b9fa5e945|1.4
747aa17f-bd50-4d9e-b8fe-414836460564|1.5
39b08264-05fc-4d99-927b-6d27dcf420ff|1.4
f972c257-213a-4c47-a1f3-a5b89ec84e7d|1.4
36751ab1-5885-43a1-bcf0-e9425d719a54|1.4
bf4f3b1b-ff78-49ad-94f5-140cd4f7f6a8|1.4
218c57ae-cb99-4725-861a-423d06dcc633|1.5
10578cae-e0e9-48d4-89c8-efd54b74d2d9|1.4
5dcabaa9-d91e-4544-a844-c412ad4422c0|1.5
364cf6db-0be6-4549-8a92-91b5e343ae35|1.5
2d46803a-cb41-42e5-95bc-b8271348199b|1.4
308b7b79-d365-4939-949c-c75e9a5b5ac5|1.4
55dad229-4743-45f2-ba2d-aad5869c46f4|1.4
0588a7f2-70dd-4240-83d4-6dd1316fe154|1.4
ae6a064f-679f-423b-9515-617a54275698|1.5
9f5974b9-3222-4d4a-a85d-6176148338e1|1.4
df120629-843b-4b7a-8afa-c9b541d6beb3|1.4
729923a0-0a2b-4fe0-a9d3-5885807b865d|1.4
03253cae-7244-422b-a9e4-372ed7808c53|1.4
7f026ff1-8897-4f25-a094-3de8553c5ee1|1.5
1555d217-c77b-4380-be1a-6e93c3216019|1.4
89938fcd-adaf-4bd8-885a-005cdb80b87d|1.4
6447f336-8153-4ca6-ac41-9f39dfa2f8b9|1.5
1a9d9fe1-ee5f-472e-8b98-64163486418a|1.5
7ed12e17-e066-4ef6-88cb-6a57cc8e9d01|1.4
5ecd315d-1090-4ed2-8ac4-3a2e978edda5|1.4
f3bd7c54-5cba-4001-9a4e-2f6583f6f7f8|1.4
4863e4e7-b8fc-439c-be48-d066e0936b92|1.5
310e9d67-cdae-4f39-a1c2-e19a8bbf2007|1.5
5939a5b4-3b0f-4f36-88c8-26c9746822e9|1.4
e6c68316-de12-4f99-b7a2-997fbd1fa7df|1.5
828b534b-d483-4dbf-88e3-d55605fe5b47|1.4
d45e75aa-4642-4395-b021-9c9d651cebd2|1.4
67d2c6ae-57fd-4e96-bb8f-3a6cad61c0a6|1.5
12d52df0-2e44-40ad-93e7-aa3e738581bf|1.5
8931EE70-DEB5-476A-967F-EEF57B7923D7|1.5
0c76fd93-e516-4776-bc36-fab2c08a76e7|1.4
b1199b04-34cd-44ac-aaca-80ff46aa2ce8|1.4
425bd8ed-b7fb-401b-bcf0-5d8661595d14|1.4
2058889e-b73b-462c-9102-02911872998d|1.4
77f7d4a2-a5a9-4472-8411-ba0dd34ba180|1.5
ac431688-57d3-4f80-a7fd-b1cb7c43e739|1.5
ce516fe6-b6e0-47e5-b3c2-a73d25de95ee|1.4
5CD7F83F-C94A-4032-99AE-1C23BC15F6E5|1.4
cc9c9d8e-fe72-44af-be17-2c1f75a252da|1.4
b325fef0-9f4e-4cee-a9b9-76d9d33b4253|1.4
961fca9b-e029-4ec5-a49e-a84c59e771d0|1.4
065fd4c8-f44a-42cf-8867-725014bd756e|1.4
9700e3f3-52db-41c3-81b9-37a91d610da5|1.5
dd8d7904-a651-4411-8725-e76185d80d8b|1.5
0ea768da-c09f-4aec-beba-b6ebc5cd0878|1.4
49b76003-3325-4a8e-80f4-ca64b25b433f|1.5
2d4f95c1-b3c0-411b-ae3f-aa3628f145f5|1.5
26179062-52a2-49af-9602-8eecf6cc2ea4|1.5
964c2768-a43e-432b-bfaa-905a79b67720|1.4
0bc1b540-1fa7-442b-a97a-cd3f96f72733|1.5
c3a8d8c7-7d39-44a2-8f2a-5007756c9263|1.4
2636d229-cda0-44bb-8fe5-a725a5cb6080|1.4
72161bcc-d75b-4c90-90b2-72b6f8a4743d|1.4
1e81d5a8-5e50-4b62-a4cb-faf0ace6fd65|1.4
778e67a5-d427-4a86-9845-447d8e8f78e9|1.4
6562E03A-70DA-43BB-890E-CE9393EE5634|1.5
8c98b721-58e4-4750-9a7f-0e5891c284a7|1.5
65bbb4f0-010a-4996-a598-e2a70ed22e36|1.4
c2074012-d9c1-43bc-931e-1cd42aeba371|1.4
5020d149-46e2-4804-92fc-8cd73a2958a2|1.4
c93cdc89-e4f9-4518-81a9-fcd8e5065db7|1.4
9da164d2-5644-4f65-acf3-74afb8448dfd|1.4
dee036ca-33b6-4da7-8850-d7dcf08a180c|1.5
6ab719ad-15c8-43ca-b072-adffc6822473|1.4
9115f59d-dc8f-4b85-9b31-e11c28d6cdbd|1.4
e4a8a3ba-447e-4659-a1fa-7e924679319a|1.4
c86cc48e-cba8-45ef-b626-ae69be9a3f20|1.4
d043b409-6005-43ca-aa2e-7a59e84afce4|1.4
0598c58a-8b52-4ea5-bfd7-eb6fc805ce71|1.4
8a759b0a-ffe9-4041-9b4d-42c47ad6b75b|1.4
37dab70a-9a72-4b23-afdc-ac6f38614cb1|1.4
cc3d041b-f12d-4c91-af9b-f3412b14fb49|1.4
f79b1e34-209e-444a-acc6-17077df2bcd6|1.4
ecc58c47-146e-4948-85cd-f0c7808bb2c0|1.5
5da6b17c-e565-41a0-a13f-d8a879929ade|1.4
49ead447-50be-4d20-9e73-6a47afc0faa4|1.4
cdb6de36-dbb5-43cd-92f7-88c0eef5fcf8|1.5
f5bbfaf4-e663-480a-83c8-4389ddeb60f8|1.5
9bbe781b-1f84-42fb-8e28-eac148454123|1.4
fd80e617-8d43-49d5-92a6-2f75b96809e8|1.5
46eed66a-214c-4531-959d-e196e1c8d932|1.4
ab2d6788-c233-49e8-816f-66ba3b4d8e25|1.5
9764a6eb-e7c6-4da5-b6ad-ebc748bc881d|1.5
cddac5fb-705b-4e6a-9317-939501573b75|1.4
f108d565-f9cf-4556-bb3d-1090ea9f110b|1.4
7b8a1c24-1823-4331-a7af-5816f1b21247|1.4
86f874c5-8a2e-49ce-b2ab-cac8bed63b1f|1.4
4cc5bc30-b98f-42ec-a248-be8d9b1f1482|1.4
20491cf9-edc9-4a16-9333-30a9d5a427b4|1.4
4bb99c6f-0b3e-4c17-b520-e4908e65b364|1.4
de449e35-bd60-4365-b859-f89b5cf72631|1.4
38908a23-8bf9-499b-b062-444aa30c17d5|1.4
49ec745f-b70e-4c90-a806-392924bac059|1.4
65AED25C-385C-4568-85A9-CD266CBBCD84|1.4
777a0a17-95ef-400b-9047-423716626725|1.4
cd2733bc-4047-457b-94e5-67b6130ce34d|1.4
f5270ee4-151d-46ee-9dc7-6c47c9a043bf|1.5
03095d81-d4dc-4e8c-aa91-1aeca872f477|1.4
69f8172d-3276-4336-b78f-a0864877a16d|1.4
c9731d9a-bdc6-4a8f-a392-2a7f17887e5c|1.4
0258b946-f514-4be6-9198-1f51a2a2615f|1.4
dd3be402-e582-4d6d-b9f4-1d7cdd30c694|1.4
bfd80141-5e45-4b66-bff8-2359b8af7919|1.5
becd66a7-3779-4e87-a816-5ff026e7a16b|1.4
4799ba39-0946-47f7-a48e-f43c8cc9c7e9|1.5
bf3ac5d8-2764-4a5e-b7e0-f511ad48d647|1.4
904294c1-70cd-4ae8-8a3a-65c326194648|1.4
f4d0538e-0e84-4cdf-9bc6-0752f2fdbcf2|1.5
ed4c6671-8211-4a8e-964b-b62250ce8f41|1.4
c89cc174-d2a0-40c2-8afb-6908f0b22905|1.4
1d3c4676-8465-4697-b143-7c28639ad713|1.4
ad692a43-aa7d-4463-81c2-285b88f53c87|1.4
28cde375-fe73-4575-aeae-8dcf9bdfeb20|1.4
1bf389bf-961b-429e-9a7b-5628d2a13568|1.4
943b606c-ee69-4c64-b10d-c4722dbc92db|1.4
0c569ea6-6cd1-4aea-91e5-9c6e4d59898d|1.4
82af51ae-ab9e-45da-ba22-857539439285|1.4
65a11d14-5fb2-4a8d-bcea-66011c595001|1.5
86adb3c4-b091-4844-bb97-5f910a34851d|1.5
5ac0e49e-3484-4e84-9897-a358c308c296|1.4
f4ff5e24-1315-4c2c-b260-82b1bed54ec8|1.4
cf052060-fe39-4110-a304-f98908141651|1.4
f1d1fb0f-3b43-4dfa-b9e0-d74b7e67ce0f|1.4
5d60e370-dd47-43be-b0a5-018b11d645b9|1.5
6d14c8f6-59c1-46b3-b442-6c493c0b244e|1.4
9a9f0818-750a-42fe-9080-a9ab3cb0f285|1.4
1e886a52-f50f-4e25-8bf2-e0d86af68d47|1.4
45edb0ec-20d6-4577-8333-0004c592218a|1.5
db364784-f101-4e54-883a-2b2cbba08752|1.4
267eaf3c-d922-40f9-bd7d-c1e2ae2965c9|1.5
a8fca16c-0f1f-4d28-b9ba-dfa4a2c6d34c|1.4
aa07bb79-d3a5-4ce9-b2ad-a0745ed39234|1.4
d1719664-074e-4e79-ae99-7e7bc1865f33|1.4
609702b9-0127-4595-9849-70067f5aa1a1|1.4
4e0ef819-9e7e-4bef-8415-ecb26c0cd65c|1.4
ea4cce81-a060-4385-bf97-8b3f034f6341|1.5
a9f9fd7b-2adc-41aa-aee6-958f52930f2c|1.5
d19df7c7-c464-494a-bc70-60d61582e0b3|1.5
5ac45e8c-4791-4492-9a43-d7f23d30dd39|1.4
ba0f856d-8624-49c4-bedf-8c1bce8371cd|1.4
07346360-fef7-496a-8bdd-0554d851592f|1.4
368c6af5-dbda-4770-be5c-9293d5fa1b82|1.4
ec130638-cb3e-4338-8406-c02dcf581d12|1.5
356f64d6-349d-4a5e-86c8-7854693718ac|1.4
ebc52b42-29fe-4610-857c-16e2e038263b|1.5
3dafd479-6540-464f-85dc-cb93ace22a73|1.4
282018c9-7e36-4c33-bf0a-68c3bddacccf|1.4
db651b93-48bd-4874-b97f-b52bbe433f31|1.4
ea77c233-a090-455d-82bc-7edfffad0227|1.5
4a2e3ec5-bf63-4e1d-8631-82fdd36d70b8|1.5
f7c23708-2811-4365-8f4f-f022f8657671|1.5
8593d61b-53bc-4098-8a90-04e8da99b025|1.4
09705821-7d2a-480b-950f-2d84734320a3|1.4
ab0338b0-0bf5-4386-a389-8a4ba35a7360|1.4
f78b6a20-67ec-4478-9975-e2f569eecd67|1.4
6983c58f-3fb3-497e-8fed-3dbbd58a642d|1.4
f47e299c-589a-4dc3-824b-4d0040c2bd42|1.5
c6534be1-2154-44c7-8c22-9e9973e124d4|1.4
b1956b12-bcff-471f-b056-dde095bb0d7d|1.5
2abcdd13-cd14-4ed4-a38e-3e5463d7709e|1.4
5ee46fda-8fa7-453c-bfca-9f60d2335dfa|1.5
9468dce3-3fc7-41ab-baac-5ed008fe4230|1.4
1c6d093f-3bb6-4e3c-8dad-d6079cee8531|1.4
7d527a19-a9ab-4238-99cd-ce2db2163c67|1.4
0010d6b0-cd6d-44b9-85bc-8ffdda28ed1a|1.4
36ff37b8-2d87-4afb-a372-1a394b1ccba7|1.5
649fa72a-d3b2-4ed7-8120-942b770d09b3|1.4
e1bdb328-e92b-4568-8600-78cd27b23cca|1.4
a2e020ca-5a7e-4b55-a1b3-90040a2588f5|1.4
632ae7ae-e4f5-4202-81b4-11d775870031|1.5
1d34750e-2871-4c22-bcd8-e5275d8c73c9|1.5
9e658242-a6f6-41f6-a9d9-164dc94ba80b|1.4
5c852e66-5647-4d5c-864c-f957d2a1d5c1|1.5
7ab20f40-601d-43b8-ae9d-80ffd76d8d37|1.4
ba4769a6-838d-4981-b75d-96e17dc434fe|1.5
cbe3763a-1857-4757-9224-a03743e062f6|1.4
e338d9cd-745d-4d29-981d-df318aacfb76|1.4
7c76a39d-9122-4878-8030-702da834eaa3|1.4
fa56ad54-2886-43dc-9c35-52df2628eaa7|1.4
d21c1c4e-dfc1-4e0d-9afc-e4ef176484e8|1.4
f628994a-5bbc-4f41-86cc-fb80381b986c|1.4
19e01396-f5e9-48dd-a689-b28ad2c51f8b|1.4
1E5E7207-E04F-4ADD-A9C7-DC7DBC93C2A7|1.4
f3d4873d-959a-43e3-9a3b-ae3ff2c1713e|1.4
3ad28c51-f3f7-4b20-a1b0-ae2c8853f9b9|1.5
908bc2ab-42cf-4d68-97f9-46ebe5dbaf3f|1.4
bd876283-bc5c-460a-bc30-603eaa558647|1.4
119215fa-7c86-4b0f-bac6-8618f6733c16|1.4
3f93222e-53ea-4e46-ba18-48cda5df996d|1.4
997d887f-ca6d-4cc4-ae2c-61d1a3c3e7bd|1.4
b62574bc-c87c-482e-8812-cf034992aa39|1.4
c8670c26-5812-407a-a52c-6e785693de2f|1.5
0a71d7cd-0a38-4984-8e65-c5055f7764ab|1.4
e0481f7e-7ffb-46e6-9b25-bbb9b026a34b|1.4
72b8ba54-c70f-4a8c-a3e3-7764359d5f23|1.4
38dcd69e-5cc7-4936-9365-daf24feae83a|1.4
dbee7836-d3bf-4f30-add3-73874bd0cbfb|1.5
f902abc6-af16-4db4-9db0-f0f7562fc286|1.5
482b852d-8811-4d7a-91f5-ef1ac70a1b91|1.4
fdffcddf-b6dd-4483-9b19-22801156cfe5|1.5
056d66a0-f87a-48bb-ac42-a747681a1408|1.5
8c69108f-e0c1-4373-b793-eeeca964915b|1.4
54396d4d-8ec6-4330-bd2f-4396e6c0f2d2|1.4
1b77f651-e58f-400f-ae60-a9354f519ed3|1.5
775e3b80-741f-41dc-91fc-5f7e0a16536d|1.5
5501cf1b-3e23-475c-b86b-f9058a3845b1|1.4
bfc4ae1e-5578-408c-a519-442e41a71072|1.5
66bb81d4-6faa-4bf6-9ade-27472e134b39|1.5
71899d84-a880-4a6b-8085-7bc633a7d3d6|1.4
6b8021d6-19f0-4127-a29f-c481aee1972a|1.4
6f4f674f-10ae-431f-84de-44672a3b0d12|1.5
17b2cfcd-0339-4036-8a37-80e8d378002b|1.4
10fe395b-ead2-4e61-a7b7-b0b86fcc43de|1.4
81f380d6-c118-4ebc-9a5e-6eec97d8d8dd|1.4
a3d0d9e5-6524-4f0b-b8bb-6d7ef933348a|1.5
1bbace86-e75f-4445-81c0-bd22667b6b2a|1.4
10206771-a925-41aa-b550-cf7a1570c992|1.4
47fc84e0-b1b4-4544-86e9-fa8075c39d93|1.5
d6c9832b-9dae-4b3e-a007-9d1ef3babc05|1.4
4083d68b-e1a0-42cf-8d25-b556eacfafbb|1.4
8a951def-94c7-4d44-bcbe-682bed8aecf1|1.4
1f3f3755-aa12-4b89-9ef9-65deffbde8ba|1.4
49ad947c-bf26-4bf5-a812-8954fd5b7703|1.5
cbf29982-ae19-430a-9f51-3583912939cf|1.4
e2c15966-5393-4a9a-8dda-f47683cf3af8|1.5
9d25120d-aa9d-4714-8175-94f13c87dd83|1.4
e40b8a7a-9ff4-4775-ad2f-45613923bfd4|1.4
b741da8d-18d3-461f-b70c-412ef9144534|1.4
4c0f70d5-0520-4744-94f8-bde7404c4cca|1.4
815d1046-fe27-48fa-92c8-854f2e886482|1.4
4c1cbeda-47b1-44aa-a826-c1573c14e3d6|1.4
78c2f59c-b485-4d5a-827e-9cb756bc74cf|1.5
bc1a9507-4ada-4e09-99c8-4cce74d34c10|1.4
f3a0b291-524c-4d6c-ba03-e8ae0248137d|1.4
85458b99-034f-40ae-9b47-45f87758d160|1.5
2fa7584c-391d-4839-b1d6-ce02e368a3eb|1.5
7f07225c-3adb-4e17-a5a5-a099cb47d763|1.4
77f22fd1-51eb-4079-ab28-262dbcc0ab08|1.5
c5b6f473-5385-4e8f-9263-e1ffd82ad718|1.5
33b9629d-37c5-434c-a6bb-c07fb24f20fa|1.4
206fbb23-a14b-4e6b-b3a6-34d0156a3575|1.5
c5858270-f565-4d58-80be-be12a3488f4b|1.4
97e9ba35-6577-494f-bc81-6741c4fde263|1.4
109a8b50-ebd0-4132-bd61-d8b10b7e8869|1.4
adb849c2-e8ea-4e09-a03b-277546cdb0db|1.4
58376fba-3377-4153-983b-73d416f0cdf2|1.4
a101696d-5709-4677-8c3b-c24a686b30cb|1.4
bd378563-a651-4d3e-884c-19763799f8ab|1.4
654eb774-8b1c-42f7-aead-f590c85d263a|1.4
635849ec-08d2-4481-99c4-b65d8a19886d|1.4
6815c53a-3319-47b2-b666-b0241b4384f9|1.4
cfe93b6e-68fa-4a42-bd2f-887f308fdd6d|1.4
55e8b619-11c7-49aa-b89b-6a064fe3741e|1.4
1fe341d2-aecb-45d4-883b-7105013f433e|1.5
1f51dce0-8de8-4f1b-b729-55f6cffb406b|1.4
39fc2fae-6e99-4380-9fe7-585a6acb73bc|1.4
2fefc47e-13e4-4fad-a320-bf6471bf8068|1.4
f95252f3-2783-4848-ba34-a193ecf27f53|1.4
799e94ee-a91c-4908-b5cb-88db7fc7f899|1.5
e4119cec-e95c-4740-a838-d2df26b0e98f|1.5
c106f5a8-33ea-49e7-8810-b35ba2532246|1.4
12a97662-8340-43bd-8802-739e33a09e2a|1.5
2a3e94fa-ee88-4767-86f9-0bdc1cb92cd9|1.5
1219cf64-420d-43bf-b270-dbbed13c61b0|1.4
cade9a9b-894e-4e44-9f9a-409e95315c75|1.4
b9ff9eb2-aea6-47b6-a1ce-bf272c11e00e|1.5
fb6e2066-5d40-480d-8685-641b1449a976|1.4
c92d6b4a-9586-40d0-bd11-59cefdcf7fa0|1.5
00599ea2-9e07-4b5e-9dba-1c1bdbdc4fda|1.4
c15f57f2-621d-40be-af92-17fe00512bb0|1.5
398199fa-1206-49cd-8747-0b555c97f669|1.5
1fd25cad-f62d-4726-985a-acab42d938fd|1.4
fc09f053-69c5-4997-b606-978906c6ece7|1.4
34ab4188-f2ca-4b91-a3d0-75becf51d997|1.4
618ff470-7436-4e63-9320-b16699a2d63d|1.4
3c3e62f2-5bad-4dec-a79e-8df3708974c3|1.4
e16af0b1-e404-4210-a885-099712dde8a9|1.4
9fc3b1e5-8df2-4e0c-a2a1-d69db5d11deb|1.4
1e65bf20-eaa6-4862-ab7a-5a83922d8d32|1.4
28e21f11-2082-418d-9ec2-8c7543f24c78|1.4
f4116c92-9073-40ac-96a9-59d103ea10f5|1.4
9838f36f-e608-4b5b-babb-930e0dfe17ff|1.4
36d3daf5-91ca-4ce6-bac7-fec826cd9b08|1.5
593968c3-0724-4a39-a303-e4a20854c632|1.5
9cedfb0a-8661-4a37-b655-0081f0ce2d43|1.4
78b0f42b-78a7-42d2-9cb7-ce70c1468fae|1.4
6c4b0073-1086-4cf8-b11c-7e4964851b03|1.5
d4fd6b3f-ad0f-4375-86b5-28ae2799e202|1.4
cbd2d514-9fe1-4fc6-b2e8-8912e8d3cfe0|1.5
fba89808-49b1-4934-b72a-505227764d94|1.5
b80eafd1-286d-4077-8aac-082e60d097e0|1.4
9f0a5116-0d54-4d6c-b581-3a75bd29fd8a|1.4
443fc701-4fb4-4108-bae6-d0249b2b57a6|1.4
0ba39bda-bccc-40f4-bdf4-dc15327a2325|1.4
8b046162-3e8c-44fc-a536-faa4d6027bbd|1.4
a81571fb-2105-4337-a9a0-1e4927091cf7|1.4
3705eea4-1d0f-423e-b360-83fb43d95748|1.4
2dc70b4a-b2a0-4bd4-8a92-033bbc6a9a90|1.4
cd641bd4-7df6-44aa-8964-3363131de603|1.4
d4da4ee7-1e37-4297-8049-9baa93230788|1.4
e43779ce-f5ee-464f-ba81-f3f843873312|1.5
b1f0b1bf-0d15-42f2-ab1f-bfd126927eb3|1.4
9f3471b5-1ff8-483e-b663-43c7f644cdf0|1.4
ecea52ff-58fb-485a-b5c7-7fe6bfe8de9c|1.4
472b300f-4486-4084-99d7-efecdaaeed44|1.4
23715be1-b815-42fa-b46a-f258eb04f6d6|1.4
c766152b-96dc-4a12-a393-00713339b075|1.4
156cee08-e640-4d19-90f7-7600d46d3862|1.5
98888525-8039-43b7-a1c8-d92178ec4f8b|1.4
f32fda1c-efdc-4bb0-bba3-6f0f78e9bf78|1.4
989e01cc-50d2-4301-8ecb-f532a891ea71|1.4
0ceafcc5-27b7-4155-84ca-ba35059238cd|1.4
6fa7b5b2-ec23-48d9-99cd-1820d7b7334a|1.4
da5730a1-6fc0-4504-8bc6-50b508ec373e|1.5
9af70973-2572-4291-8646-bbf067a54f27|1.5
36bae45c-34fe-4599-b139-b9cf1d19fb78|1.4
61d6ceaa-00e9-4395-aa07-13ffaa46cf09|1.5
51df2f49-bf8b-4d54-8e14-b8fd56f97541|1.4
fc787f6d-7d42-4bc2-abc5-43280159a23c|1.5
9f0945b8-d038-485a-bfe4-fb0c9442faf9|1.4
3c28f8bb-b5e7-4130-ae99-1f91b2edf393|1.4
9a3ed303-e1c3-4a7d-b29a-3eadcb781948|1.4
01322318-c308-4bca-884c-f75d37c83978|1.4
feef3056-0fde-4262-b858-df510adf3896|1.4
5048d004-8997-41b1-8dfc-3af49835d8a3|1.4
febace1e-9688-4a58-9fc6-699a74654adf|1.4
92ef9806-4af4-4b50-8242-c877ef06b6b1|1.4
438c3f66-8a5d-4805-9b0e-4736ccb84628|1.5
5c1a0c98-5c22-4c0d-8360-71249143f690|1.4
6b36e0e1-688d-4bc8-8f1a-56c68beb9be6|1.5
b8af8ffa-5559-4bd5-ba84-c7e2dc88b285|1.4
137c673f-dbbd-4dcc-babb-c42ff7aec91c|1.4
9238f1e6-06c2-4be8-a025-4f95a23dc9ec|1.4
5afc913a-e61c-4eb5-89d6-c38faf522cd1|1.5
5010b77c-34c3-41c2-a432-ca07ec2875c0|1.5
bf393f5b-bc95-40ee-b85e-5ce231caecd4|1.4
be9c7bcc-6556-4870-a0d6-df72014097be|1.5
1f19c0d2-706f-4cdc-a127-f63c7b7d5d1a|1.4
22c9e0a7-4efd-4dd7-b62f-1a0f8cbd5bb9|1.5
76fc5f23-9b47-4812-b213-3f3414e74531|1.4
b41ba9dd-35b6-475e-a69c-9eace60252a0|1.5
0dee18b3-ecf0-4f6c-b68e-da7dbd5fac6a|1.4
c82f0e20-3227-4a9f-b74b-6e81ff915e1f|1.4
01d80525-d37e-4dea-a8f1-907cfa9d6fb5|1.5
27d537b9-cd9c-45f5-a29e-e710a05b5909|1.4
eebf09b3-13be-48ef-85a0-dc880c3bfbb0|1.4
90924d22-6821-4c64-afcc-72704aa7ed70|1.5
da6f6bc4-1745-4f87-8405-900cfa1a86b4|1.4
53ad1ab4-586a-43d9-969a-ccab38d837b1|1.4
f5f6ff25-146a-462f-89c3-ba424c97b59a|1.4
1aef3062-0543-432d-915b-e947e65a3c1d|1.4
91b54c40-eafb-477a-8e13-0bbdec68ba76|1.5
48147ff4-1af9-424d-ab19-510adde6fb67|1.4
25387c9e-7e2a-47a8-be27-8602d2fd0e31|1.5
c8805cd2-cb66-416d-9d54-f612ae2ad18e|1.4
fffe8146-1c21-46a9-982e-e4a9f382ec34|1.5
23902cda-840e-4f15-8223-ab2e6af3163b|1.5
e529d73f-3e25-4f20-ac72-104fa3173b89|1.4
b757a861-f1cd-4a17-9bf2-61ba6570a0dd|1.5
8e976ff3-5692-404b-8182-97dcde726bb1|1.4
d09905b6-8b6f-40e7-99e6-bad233388770|1.4
52f2ba11-d065-4eeb-b27d-0cd0bc8b8ca5|1.4
24bb483a-8706-4b82-afc3-93678d8845a1|1.5
41011b8a-08fd-4296-b1d5-2c219accd577|1.5
719f7db3-97a6-4821-ba29-b767e4ea03a9|1.4
21b5f087-624d-4215-89d2-6a1b4f230c5a|1.5
18dc0435-8c15-4a9e-9f11-53e82c9effbf|1.5
b843aca6-278e-4827-887b-d151f9a02339|1.4
bbca9914-4fd8-4969-9470-5456d43ee202|1.4
1d4c2396-9934-4724-9ebb-e00ddfe67eb5|1.4
406908d3-ad0b-479a-b494-db05ae17986f|1.4
4a106357-ac9f-4f38-912d-2217acc619a9|1.4
d8696e88-4463-4ab2-a9b8-9b983c2eeac5|1.4
795dbeaf-2593-4f5c-91ba-15df9dc2ebf1|1.4
8b23a532-83e0-4652-8717-6472cf5f92b9|1.5
5dd965a7-2c4b-4291-ab88-7840bf30e172|1.4
a6bb769a-f2f3-45e1-bb43-1f984b4c4ca1|1.4
8f12398e-2610-4d50-89ab-85323b433b1f|1.4
96ba705a-543a-471a-b5ab-df7f380a2e3c|1.5
ed676eb6-6e0d-413f-8f94-03cebbebeb7d|1.4
4a340791-6723-441d-ae40-3b9caecd7418|1.4
f3d5552f-9c55-4c8d-a8d8-5e066fea0b9e|1.5
81a1f33f-8f3b-4b0a-b817-71c9e8a353fe|1.5
3a60dcc7-231c-40ab-a0fa-4d54183819df|1.5
0c999090-eae2-4400-8137-efba1db06be6|1.4
47912103-965c-4909-837a-1f6f8f074196|1.5
2865eb11-6acd-4e78-8f5a-f277d25d2043|1.4
e5ef066b-d963-4c77-98f7-791e38dced84|1.4
577f519d-74a4-43eb-a727-bbf1e9a93a17|1.4
3eb76a3e-3c6b-473c-af51-8b4a4dbc7861|1.4
026285f6-a849-4d7f-b6b8-d971fbff6415|1.4
88e5f01c-7542-4bc5-a3e6-f425242c80f5|1.5
64859c6d-891d-461b-9a91-bd3c29da5656|1.4
cf4c32a4-e9e4-4e08-a935-6890b89231e2|1.4
a5285cea-0a62-400d-899d-4e8ca64129f7|1.5
ff28656e-abb1-49d4-983c-8e3b1164dfb0|1.4
6e4db687-30ca-4518-9603-36dcdf223905|1.5
ed572806-329d-4010-9aee-53e0ca404bdb|1.5
5ac5444d-c153-479a-ae5d-6cbdcd59c7c6|1.4
f53eaa8a-0764-45c3-a0c9-b0cbce17331d|1.5
b5aa4496-b294-4049-b41b-14da8b63f21a|1.4
55a8e507-9fbe-4ddd-b300-e1a58379f9e2|1.5
2fd5d8dd-5c70-404f-8858-8da4156a4941|1.4
f2a2cb16-b575-4397-a39c-9f7241cd6c0b|1.4
62c85ed3-e7e1-4bae-8d16-0e4d7254477f|1.5
2085cabf-b3c6-41fa-a5fc-d0ee362a99a4|1.4
8e0c23ae-f18b-49b1-a9df-6e2f43c808b1|1.5
9bf38b30-69c2-4d91-93f1-cb8097bb864b|1.4
593b83aa-7b38-4ead-83bb-4d901ab544d7|1.4
1044579f-dee7-4714-b66a-d5c6deba596a|1.4
382e5107-7838-4e4b-a515-139dc66bf6ed|1.5
1e952c86-e699-45cb-97f7-6f8f48e986ff|1.4
42e8ece9-484c-4258-86cb-de215b42c926|1.4
2504ad5d-afb8-4ad6-9e54-99b54e74db0e|1.4
7843c9b8-8aae-43d8-863f-8b6658de2855|1.4
f24d95d1-2b3e-4965-8731-7a8f5a56554e|1.4
b214c7c5-cbef-495d-a6e4-68911c573f2d|1.4
7e2e98f9-3649-4786-ac80-77359b7e7e8b|1.4
5f230560-631c-45ee-b78f-5542d37c2e5e|1.4
b07d9d29-c2f9-4dfe-bef6-1e196ff381db|1.4
1d49e4f5-dbf4-44f5-a113-90d152d47e90|1.4
c46f5cd8-ae1d-4308-ae55-ff77748cb361|1.4
33e6474f-a966-49e6-b4c8-f8ad885c5870|1.4
30d6827a-da4f-41ea-bc5e-512e7f7f674c|1.4
f1874a89-5c63-40cb-9a8a-7a0696f0f515|1.5
9e42e48d-cd68-4a2c-bdad-51869be89d27|1.4
3dabfeac-aa36-4bea-9baf-3f8182a27341|1.5
b214206a-5621-422f-b49f-787aa619194d|1.5
6e23333d-ac32-43b6-954e-602d781ea6f5|1.5
cfcaecdd-24dc-49f4-a0f3-fa853143e744|1.4
ebe34aac-ce8a-4a42-8eea-78b49de6725c|1.4
90ac6849-aba1-4242-8384-390652c92c30|1.4
cebe556c-5e49-4546-a5d6-1b65fb6aa18b|1.4
60de719a-379f-4bf8-bd38-b67907010593|1.4
3bbb69da-d15f-49d1-890d-bee0cc41aea2|1.4
df34d593-6ed2-4152-b3d5-66b888943e00|1.4
33eb3ea4-485c-4ef1-822c-2594b7f87d01|1.4
7a5d002b-7845-4b8d-a935-f128ac15186e|1.5
fe204b3d-3869-48f4-b27c-d9d482308f65|1.4
900bb6a0-b399-47c4-b1aa-8596086a690e|1.5
1d0ad870-382f-42c8-990b-368a54cb250f|1.5
5e4ab950-8a48-4298-bc60-98f111ce6c6a|1.4
e8847471-3f08-4452-bfcf-ddbc56a51266|1.4
bc304d3b-c964-4987-a211-88b580c7b4d2|1.5
a09eb860-87ac-4efa-ad91-4b92d5953cbd|1.4
e1b86eca-16be-4a20-89e2-133673eb0960|1.5
aa6e7770-59aa-4130-9d65-74bc6e53a1a7|1.4
d14ea643-54aa-4269-9fae-f2f7d66771f3|1.4
3ccf8e42-49a8-4643-bc2c-f4b755404eea|1.4
57934cf8-a0ff-4824-a93f-1952be2f70a0|1.4
880933d4-8098-4af9-8dfa-5efd6f33a87d|1.4
a6ff9b41-d4d2-46d6-a965-135e2173abd9|1.4
bebc43b9-43fe-4279-b815-fa626d3fef93|1.5
f99a71ec-e7c4-4db7-b74e-ec6cb49f4ab6|1.4
a01baee8-1a41-4864-a90a-c900413138d4|1.4
5c7a2baf-fd6c-414d-8591-4cf482998017|1.5
4a3115d3-0ec3-4b7b-b819-6c76934fd821|1.4
83c0e64a-a216-4262-8b25-1a1928ff7270|1.4
93ca79d6-fce9-48a3-8bbc-019aacbb314c|1.4
ecb53058-650f-42f0-a9c2-1a3ef9e8e61b|1.4
274edd91-4275-4f82-bf03-6905e5ea3834|1.4
094be79e-5c6f-4b3c-a117-d7b13e1c000b|1.4
bf46de32-be99-46c3-b992-0843af84a89c|1.5
ff9b7a5f-624a-4766-94f4-27ff2d04b771|1.4
94984964-48de-4451-b417-dfce54333f8f|1.4
628223ac-482c-4f2d-998b-a52093f35f11|1.4
83941d9d-dda1-4396-b1e2-ce5f2d1a6942|1.4
4a493ca4-0728-409d-9a4c-30a85364d05c|1.5
b91a8580-01f4-4866-8573-dbe38221709b|1.4
39503db4-bbb3-4c58-ab14-987aaad9f04e|1.5
0211287f-9890-4c9d-9579-1b3c7422a8a9|1.4
3597b290-7821-4bde-95cc-5e103a459078|1.4
7f0a6169-a259-4fa9-a9f7-8744e108fc6d|1.5
911374df-0630-4959-be65-6fae3f9a4061|1.5
7380fb24-a2a7-46d1-a917-bbfb2221de9e|1.5
16870d50-3e1e-40b5-a180-f93528153510|1.4
42f6ee3d-7c16-46a6-9a66-df68b67525a4|1.4
b4b4634e-fa0c-4f40-8f14-54dd24b647f2|1.4
e7476b75-f97b-4c94-88f3-d859649168d0|1.4
cd8e3862-4a0c-4d78-8d23-6bdfe2c5833e|1.4
ba8bcd8d-fa29-43b1-a9aa-24a0b67bd822|1.5
0cfc9298-ca15-4efa-9cde-2074781a01a1|1.4
3d7c9b96-6ba6-4ea7-924c-d91edc2fd33d|1.5
2a4d85e2-9935-41ee-b672-1899d7cadb26|1.5
d4874f89-e36b-4aae-a354-b1b8320be618|1.4
55245347-6954-43a2-8eb1-7c001b2e183a|1.4
a2b2df16-8283-4e8b-93f0-f3736e32fb91|1.4
dd7aeb34-fe8a-4e4c-8352-862a5702f1ac|1.4
9e0c671c-6534-424f-94a3-4d405c51723c|1.4
20f1c046-c1f8-4c0d-a8e0-4c5f2acca967|1.4
20d993f4-42cd-4058-84a7-4a99067eb343|1.4
1939bf6d-c0fd-4a63-a44c-dcd7eb84356c|1.4
519744b1-079c-4d77-aec7-4cc7f2a34d37|1.5
418a27b1-b29c-4164-98f0-f1782e9f5a4d|1.5
ad3592e3-a4d8-4d21-84c7-1206680959a5|1.4
918257ca-120f-48ea-8d42-ade09b5aa5e3|1.4
c621b634-2dec-4de6-a321-25f1f848ff19|1.5
387bf6e1-a7f0-4f34-9bc7-21ef661d2c2a|1.4
c0cc3f76-99c7-4c30-998c-c2c19da0b5db|1.5
31111326-2697-4702-aea5-0a7250b530f1|1.4
b0cd5468-79fa-4bc9-a736-0ec2047a5d2c|1.4
2aa9815e-c751-4e18-9cf4-4b26429f2feb|1.4
124bf0c7-a15f-4f87-9983-a56ba0c98023|1.4
2ecedacf-3ef7-4da1-8858-27a57292ea8d|1.5
cf63d1ce-c979-4f72-b79a-9a8d71d3ebe7|1.4
4b760f7f-b859-452e-be6f-dc4bd8bcf805|1.4
050d66f5-446e-46e2-9dee-775f803b8b4d|1.4
e1fa051e-b427-4a23-9e34-b1e7f3604a97|1.4
20564388-1781-4cdb-9dfb-0072cb50be7a|1.4
d8cc1004-afb3-4a19-aab1-60be7bd54470|1.5
d3b732ee-01ea-48f4-aa4d-c98f81d102e3|1.4
a32d50d8-46c1-41dc-bff0-311ffae48223|1.4
1e8512bb-741f-4cc8-80e8-b88d5700c2ea|1.4
82697b1f-9f94-4524-8f56-071a6d06bf76|1.4
2b25ff16-6672-4178-a0e9-b748134ca6a3|1.5
F9949262-D489-4E56-BEB1-088A31E5194B|1.5
11f751ab-3738-4abf-bae2-d9b17f941f2e|1.4
0019b7e8-6d0b-40f0-b222-ba7d62041549|1.5
118de55f-80d6-4eb1-8953-e86d88c8efba|1.4
04bfbfbf-3464-4e2c-ae21-6461f462dc82|1.4
62abcc4a-9e5b-4a55-ad17-de71442720a6|1.4
180bbec1-96d4-45dc-b96a-495b7cab8428|1.4
db0cab4f-c67b-467c-b4c4-82d65e9b8bdc|1.4
f895d41b-0ad4-4081-b85a-860053543e5d|1.4
0363a07f-0a04-4b35-950e-846ac8154243|1.4
51774a5e-196e-479b-9bdc-327cd1a5c8fb|1.4
ad99cfb4-b9a9-4524-ba24-f26bef085ee0|1.4
a1b746a8-6c1b-4ff4-b3ee-a75befba489f|1.5
d2ffca3f-2961-4649-9a51-57b9540a79b8|1.4
e5ea3610-9f33-49e2-96c8-03be98bdeff1|1.4
9326ff36-1626-40cf-aa8a-7d21ac7026fc|1.5
fe2ae9cb-6482-4ee6-bf84-2b071babccea|1.5
99d3ef89-759f-45cb-9653-e2d4a3b1b4ec|1.5
a44ea6e7-71a9-4857-94c0-26549156dba9|1.4
ef945052-f414-4244-889a-e9f6ad32dc14|1.5
aee0d766-9995-496e-bdf3-328b0e33bbda|1.5
a2386d57-7781-4a2c-99ee-3865064eedf8|1.4
16a2125a-5a73-4d11-ae9c-67a5c39000d0|1.5
01049696-e8cb-429c-8e9d-d8ebcc28a932|1.4
f68cf043-43b3-4281-876b-39f99bca87ee|1.4
b7c8afe8-329a-4c0b-9932-f3003ffb9e85|1.4
0215f94b-0cf3-4613-a42a-a84aff749ccd|1.4
9bf206a0-4874-4fdd-b4be-25b7b3707120|1.5
99bc3c3e-d7b2-4e13-b7a2-012a35e689c7|1.5
1ba6c811-8022-43b6-935b-406c866ea012|1.4
2b481b70-a4f4-48ca-965d-1276c72a7a25|1.4
6542e722-30fc-4d6a-835c-ecbf2cc9c2f9|1.4
8c984a52-abfd-4891-a3a4-56519eda53e5|1.5
f1a4a3f7-6bd2-43d3-bd56-b617983571c1|1.5
9dbbcc84-63c8-4bd2-a134-72f864a55ff6|1.4
33ab7ddf-23ee-42a2-ae68-29703c915275|1.5
1d1e4c81-2ded-4110-913b-4995f4a07f20|1.4
82d52e45-2031-4d9e-a041-a6cd165934cc|1.4
e6a6b269-9339-4dfa-9f5b-d9e2725c9afc|1.5
79b3cd4b-2f30-4486-8b23-4a236d9b0d00|1.4
78242c05-c3e9-4794-b2b2-4ed8251f1383|1.4
9602b6ab-4f5b-42fc-8de0-bbc4fc6414c5|1.5
2e398849-e5c4-4ea2-9e40-64b6baa8cf29|1.4
50dfe1d8-8f31-4ebb-98bc-0f6243851ae9|1.4
3901687d-44b8-4526-9fbc-702f3eddd57d|1.5
855a2d84-f1d3-41da-9c3e-bf30a4ade83f|1.4
2b947ef8-d163-4c67-b6cd-06a02428b2bc|1.5
24ccccff-fb89-4ab5-9824-601d54c50606|1.4
68472932-6b87-4b80-855d-555bb3bb9a98|1.5
b9cec762-50f2-42ad-8537-803b5e7083d4|1.4
2518b64e-2c11-401d-a1db-c8c8d038519d|1.4
0e426d63-922f-44eb-8073-8cedbd260727|1.4
a1767036-3c89-40bd-b3dc-0365782fb870|1.4
c6e6fbd3-86c7-4d0d-87e5-62609b60b09d|1.4
fcbf9d9b-5ecd-4dae-bd18-c15eb406f7c7|1.5
0bdec392-a3fc-4a16-8f7b-196d1759c9be|1.4
e40f1024-60bd-406b-a91f-258086ab80dd|1.4
05c113e3-2913-413d-a83c-ef9f55518be8|1.5
07b6c349-2a87-40c4-ae4a-e488bb99a23d|1.4
11e48f62-ef66-4790-a6ca-400ae5c85f4e|1.4
970c41d4-193a-4fb4-ae87-45f35c7292ee|1.4
332da224-780f-4105-b01e-95f244361c28|1.4
23db76c2-2df8-4749-ac48-a1f1199ba0eb|1.4
4a202516-dd09-42d1-b3ae-17a1ca817135|1.4
d5d70aa9-0e2f-4326-be63-0fe6c8c393e4|1.4
3dff81c2-e25a-4e92-9d4c-103697f1a336|1.4
96e45585-288d-43bf-9a01-b63716f46ca3|1.4
ec70b2be-e6a2-4868-b448-95fe7b9954b0|1.5
6f7612af-5f93-4c18-be93-9f4c198120e2|1.4
86c359fa-0edb-41b1-b03d-fe85c7d72b44|1.4
4f6db760-942e-475c-9504-9510ffb5b3e0|1.4
8aec4837-46da-4b18-a1f1-7cc3ec132a61|1.4
5d2aee54-5eac-4f29-98fc-b092d8e1ab6a|1.5
dbb7f091-2a98-4a42-a5ac-d710c7623788|1.4
bced8168-0ee5-4aaa-a893-f0af48a941d7|1.4
c1bdf7f9-8e24-4c6b-ab4b-4e44fe6b9c0a|1.4
c78d223a-3c61-4acb-bc31-1de33d2cc696|1.4
61e31dd1-272c-4eff-b315-34afe15acc41|1.5
56a4629b-654c-4763-afeb-11067f362166|1.4
5834cdcc-0e8e-4d54-b922-b1690b3ee790|1.4
fae579be-f616-489f-ad43-a4d6ecaff939|1.4
f4c9c7df-691d-401a-98d2-5d455a43afb6|1.4
d0bc1d1e-2fbd-47d4-92fd-2607e7d37fb4|1.4
d785f2d1-b5d1-41e3-9642-e25b316f602a|1.4
09274d8b-919d-44ae-9439-836c34c8321b|1.5
70dc0919-44a4-434a-89e7-8977185f4301|1.4
8f1bfc9c-97a8-407f-8ac6-c3210ba2f789|1.4
9526562d-82a3-41c4-a481-dab2710ddc38|1.4
59988a17-0493-4221-80aa-d6ee569e7c03|1.4
98cfb9fb-383b-491b-a0d3-43d95e931e59|1.5
d6bba376-ac44-43a2-b1b8-070c445d1f13|1.4
976976dc-956d-450d-822e-0d64f7fe6f24|1.5
46cd1dd7-7d45-431a-bc03-333f03cc617e|1.5
6474c1c2-4a82-40c7-b607-88b8787f0d07|1.5
0fb12e68-dbe3-4066-bee0-46b94cca9bb8|1.5
04532362-4ad0-4854-9765-116d5be631bb|1.4
34533e37-3a67-445a-96dd-e4fcf45b79b4|1.4
f7d1c8ed-06fb-462f-b2f1-0ebcbca7e96b|1.5
b70ffe46-6cb4-4a34-a0d7-0a18fe282b86|1.4
2b57f29d-2973-4d98-afd8-c400ac9302dc|1.4
61c07acd-14e7-4e16-849d-9996cfaa5768|1.4
95e387d8-af46-47a4-89e5-6702099404d6|1.4
0ee8b533-3a53-43af-bbf8-fe7f513018ac|1.4
db8ebf8b-fc38-446b-b35a-8db6ed9bb795|1.4
fa23f6df-c33d-4731-8a2f-706af7cfc936|1.4
8a8920b3-40a2-4b7e-ad7b-f420eeda9be7|1.5
6aaa40b7-3916-4cc4-af66-e5f723c2a511|1.4
3fea8d9f-ce6c-4a42-9e1d-c0b7a2835f97|1.4
e9ec5165-83e3-47fb-87ea-99ab5fe4bb15|1.4
d537b5ec-9d10-4c5f-8d1c-426abc9cbf4d|1.4
6839da80-8a4c-4078-9341-afa1ad1d544e|1.4
d254bd24-d497-4a2b-a29b-1662cca383da|1.5
d247f5b2-38e4-4ef3-9ede-107f661dd69a|1.5
89bbd9d1-3b62-4947-b133-e758fda62b4c|1.5
a443f88a-83a1-452b-8fda-b85c6c7375d2|1.4
bceda45e-cd3d-49f9-8168-4b20548fdf88|1.4
304fcb71-0998-4c8e-8685-d06d0884cf7f|1.4
0b0fa74c-dfac-4be4-8f2c-513c2c55f60b|1.4
c779bda0-4fc4-42ac-9df8-bd7eda01baa6|1.4
dee74baf-9314-4b2a-afd8-08cc3e7f36b9|1.4
e2e2641f-c5f1-48c1-b3b2-ac0e0680d140|1.4
e243d2f4-cbe4-41e1-bf22-39639fc39f2a|1.4
e3eec4d7-00a4-496c-b871-de33faff1d32|1.5
dd30ad43-d8a7-4761-aa65-3a65e29f77ff|1.5
7c605cea-ebb6-4a83-b38e-864ae4f9cc65|1.5
45872e9c-727d-4201-a9e8-3777edfafaa0|1.4
cc40bb8e-9894-40b7-b040-407d45adae91|1.5
efda57da-2b1c-4c8b-8f66-4110b1878e54|1.4
d8a2a90c-f88d-47ce-9888-daadba0ccc1f|1.5
71e5647e-11db-4157-a077-fc31f0544254|1.5
840d9767-11a5-42c7-82c1-60b7915f36b9|1.4
1f6220e0-2e84-4d88-984e-899b95014285|1.5
dc82c3be-9c42-4bfb-a1d8-d9c33c2fa4ca|1.5
6a37f97d-2414-4040-9426-7ea26161b420|1.4
05cb94f7-d62d-46bf-80bf-29b4189080a2|1.4
45bdd5e5-5d58-454d-a162-f93030b80488|1.4
5ca81cb9-dd30-472e-93f8-7a29d3638bf3|1.4
17eecc63-3f98-482f-9e50-87cd74e07f79|1.5
ed7a942b-3634-41ad-974b-5db2af660ff4|1.4
22c7107a-7c68-4835-9cdf-7564313b0910|1.4
8f892096-3d3f-434c-bef7-1347868f096c|1.4
d7c434da-57b9-4230-b4d0-ecc3fc8df70b|1.4
356626ce-f7ae-4705-afd8-6c14145dd5cf|1.4
8c56d850-0688-404f-86c8-71eddb4ba820|1.4
cbb9339e-27f6-45b1-a48f-ef91c54d6d99|1.4
f1f6c79e-7b5f-48b6-8509-45bcd59dd75c|1.4
d321b846-06e9-47fd-9e3a-361dd16a3775|1.5
04afd64b-751d-459c-b448-7bea3ecd1562|1.5
bc3d78ec-3845-45b2-844c-2bcd1b4fa3e9|1.4
2c4f3055-4fde-4be5-8c5c-fb564537d4ee|1.5
d608167a-d298-4a16-bc00-ce0a009160c9|1.4
4A870352-2CCF-409B-A5B0-D4D2E3E3EDE3|1.4
422f64b4-830b-4f24-9669-dcd9c6d39b63|1.4
66da7b8c-c767-4950-91f1-d3aacee31cd0|1.4
a73ae60b-77cc-4d8c-ad32-c09eace56d49|1.4
b397d173-d38b-4c54-9616-0ee76d46af89|1.4
6246ae40-bf44-416e-a65e-ef578d65b2fc|1.4
3696c851-0009-448f-8f58-b91386a41454|1.5
61885669-f0c6-4b17-a679-ef6ed6cdb32e|1.4
5cec2d2a-5ebe-4f48-a652-f64f777a994e|1.4
478fdf4b-3b52-460e-a6e3-31f43f48666d|1.5
95b7a2f5-9e9a-4e08-9d75-a6a75410c54e|1.4
2cc395cd-0125-425b-90da-dc9d7547b032|1.4
928e88eb-bc07-4594-a248-960dd2e8e6e2|1.4
a227d64b-bdd2-43a7-9e30-03c331c0c2ad|1.5
a129406f-6b7b-4da4-a375-e319be648766|1.5
d156b3d5-d299-46d3-bc0c-64ff9d166879|1.4
a3cb3f67-20c6-45ac-a9e0-bb53b674de11|1.5
39f71a09-4ae7-4d5e-92e7-434ce84bb900|1.4
4b995053-3723-4af1-be93-e0187855637a|1.5
88dbdd1e-0522-4f8d-a6fb-be7f1cd7a00a|1.5
f8444f0b-a7f3-4dc1-b70d-c8d86f4c74b7|1.4
162d9e81-000e-4a62-85ca-6c287d722181|1.4
e12e94ef-a85e-4a64-bdfb-40431bb20420|1.4
9b1e12d1-ce96-4fd1-a290-5ecb35f5e985|1.4
b494bf8a-0117-4ec3-b511-0be901c4f20c|1.5
f3516d29-bdb3-4b27-9189-24ac4c9044f2|1.4
e26a5903-ac31-4fe6-a3cf-707b12284081|1.4
c94efd2f-7ab2-4487-bd31-ed814de4f13d|1.4
266c0598-55ce-4707-8c8f-75e6b6c510a2|1.4
63a60a29-277c-4465-8377-9218cdfc5088|1.5
ed7ebc3b-263a-4810-ba16-05756dc52e28|1.5
0cc94f60-9767-484c-9e91-bfcbd80daacc|1.4
3c1b9925-14a2-4852-aa71-3deaaa1db6cb|1.4
9d05fe39-ada9-4dbe-b482-c5d1c1b143a0|1.4
93f516af-d7ff-4c6b-b2c5-9c86433c08c9|1.4
98c37b03-a42e-435a-ba01-7d96418cec4f|1.5
f8895685-85d1-4e67-ba68-d06e5903dc9e|1.4
3ef2444a-ec6a-4309-8ae0-7c9b7aec82f1|1.4
25c6f3e5-65e9-44c9-8875-2c6ba485b25a|1.4
31f45c59-691f-49e1-8d63-c68f699923c4|1.4
23f69eb4-c926-4c11-9e16-1497b8363adb|1.5
45697f1d-6921-4870-add9-5213447e8718|1.4
81d3b1f5-8a98-4e41-94ec-634c4e69fa0b|1.4
5e82c17a-d4d0-4d1c-bc9d-878dbe6d200c|1.4
5e3dbc0c-22ae-4931-89cf-0c9e270afc36|1.4
e68d11a5-5d95-4be5-a4a2-a8a22a64dd84|1.4
eb29f808-e0d7-454f-a391-fe30547d22aa|1.5
3e374c8a-fdac-4389-b908-ee55ac1797c7|1.4
9c7d8da8-9c8c-4715-9358-af4c07a5c854|1.4
b8bd5ee9-bef6-4c3f-85a4-fca2ea396508|1.4
56bec45c-6d3e-41c6-9d12-36429d738af5|1.5
b5ea1797-dfca-47f9-a0a7-f085974d9abe|1.4
7d5532e1-339a-4e5f-8b40-2189450a57f6|1.5
00a481a1-2051-4617-9bdc-3c41019b5dcd|1.4
5b1cdeb3-11d9-43dc-81fb-e8f105dd8846|1.4
1b238edd-81dc-49c3-ae8b-0baf3dc26f37|1.4
39cdce4e-2dd9-4153-afee-80c5fd94683f|1.4
24f82645-09d0-4a15-89d0-487eb17d8d31|1.5
8e947126-74e7-4d2b-82be-512ef7f36d10|1.4
9753c713-2c0b-4a21-864b-2b2791f306f1|1.5
8e1f85f8-35c7-4b9f-a427-948e6941ca3d|1.4
b025db5c-025b-4d19-ae9c-b65ac487789c|1.4
1895075d-b1b8-4849-86b6-284707add364|1.5
5dfdb552-92cd-4adf-b7f0-83d3c9d6d6f5|1.4
dd09470c-cece-4c61-81f3-e67e00737121|1.4
a4e92f49-9cce-4dac-b15c-22dba2c9d0d8|1.4
0c723d8b-3dcb-47f8-9a04-5407a42e86ce|1.4
e2215ac7-126c-436b-bb12-949fc1f19a92|1.4
66a81799-9ed5-4bb8-835f-2f2099a98e13|1.4
3b1e51ef-7a00-470e-9a16-0a56345d9b07|1.4
11e1e9f3-c286-4d76-b90e-9414ecc3dae6|1.4
4134bc54-bb24-48d9-b8e1-00eaceb27027|1.4
d3dee523-1f2c-42d4-8a96-63527a5d9146|1.5
0d7a704a-32a0-4454-b739-0e73bbfefc20|1.4
88b9cf09-dbdb-4859-834d-64c0ea4b5816|1.4
3c8a1012-da81-46f8-9ad2-0f5c3349e1a4|1.4
24ee1820-d3ad-46ea-aee1-17611ead66e4|1.4
99aea861-cfe4-4d5f-a612-5eace5a69ddb|1.4
e55140b0-1318-4c19-9581-ef3b0e4fb2c9|1.4
0a4386a4-bb9f-45c2-aba0-b5d88e3710b9|1.5
db11bd8a-8321-4be3-b825-681639032486|1.4
96d838dd-40d4-471b-96a2-6e5eb6ad818b|1.4
e3f42712-0418-47e6-93ab-83c796600da4|1.4
7887dd08-b113-4682-8406-635452f65992|1.4
399340da-dbda-40c1-aa6d-cf2d225ae352|1.5
4120b01a-1a43-4cc2-b984-bbf942f3a0d1|1.4
7e8a90c9-ac9a-4e4f-98a4-afe706543f78|1.4
e1ee5672-e1be-4e04-903c-b5254221cce3|1.4
2ce086b5-a0d2-4888-ab0d-43e77f3804fa|1.4
e435e802-3622-4111-860f-42756e47a487|1.4
66fee4bd-b5e3-482f-971f-5fb327a6d8d6|1.4
489e0657-63b7-426c-84c4-004ac71ca30b|1.4
c587da4a-0ebd-4a94-b796-a054f99e4665|1.4
b765d9bd-8a88-40e8-b244-d7267a53f3d3|1.4
85c62a23-938a-4d2c-b8fb-579c3a00a94b|1.4
c2f6e80c-3e55-4f4a-bb04-7cdc2a83c301|1.4
0c65033b-84d7-4b08-85a7-a62c6e9ad4c6|1.4
446326c5-b003-4983-8e9d-2caceff54f52|1.5
c193a5de-63d6-4ab8-ba9b-fd32b59fb405|1.5
c3ef9af1-763b-4646-afb4-b3088c2f7a8b|1.5
3595a0e6-cd29-4793-9664-31ab6ec0cdd4|1.5
858de2c6-2bc8-4c2d-a44f-b4e67b7bd24e|1.4
6cd62caf-1746-4318-af83-44b1d7056b1e|1.4
b03135f2-ce52-4ded-b58e-eebda934d25e|1.4
a76f89aa-9f32-4d6b-b080-c9404396b6ad|1.5
caff88eb-feb9-42db-9af1-01598d177c54|1.5
e1484296-ba74-4b46-ae2c-f4b423feb37c|1.5
71d8c9fd-c217-4414-8bfb-ca6ef4c7b92f|1.5
25692062-ae1b-4bff-9164-e75f7ca20c80|1.4
28932e3c-125b-4ae1-a183-6990b23af21e|1.4
38944DD6-1CEF-4F42-B328-9B6B193210F4|1.4
2ddc9b84-f796-434d-bab3-c0c2852ed001|1.5
4a667143-b791-4604-ac9b-c96e251127f0|1.5
6aff2028-baae-4d0a-a47d-d17e431f662b|1.4
bf2a495c-9744-490d-aa1e-7b8f4d60970e|1.4
b5ede0e8-3fac-415f-8607-d452d6e82b6c|1.5
7415c3dc-5689-4bab-af3a-1ee922b3df98|1.5
8ab2529e-0f31-4ed3-b222-dc1ea89d3a6e|1.4
d4c13a25-e378-47bc-93c8-e976550ba9ab|1.4
5c5fa07f-d9cc-401e-af08-3b6ce6c499c3|1.4
87b2a657-ae01-43f3-abd0-133556c61baa|1.4
b1f8ef03-5c39-4913-ba55-3c9f5ed25088|1.5
412cf9a1-2130-4216-a312-8cd5bedfb8ce|1.4
6f61d30c-1cc9-4121-b195-a4e2158d0593|1.5
c3874e38-be7d-49c4-92a1-8b8f681bb760|1.4
409a9a1b-6557-43e5-afc8-883163470855|1.5
ba8492fd-5f01-4c39-a0f0-596020a1e90f|1.5
bb7e6cd8-0bc6-4ff6-817a-7c23aa163e4e|1.5
dbc854a0-05fc-4ed7-a8e5-dad477dd53ad|1.4
a52354c3-1108-4043-9c3d-53f79aff877c|1.4
e96a6b62-d251-4fc0-8452-7e43d2856761|1.5
3abacc1f-c64f-492d-8244-df2209b853c9|1.4
EA3C8ED4-900A-41BB-8C1C-043F2A1E9BE1|1.4
262a19e4-455e-4611-96c0-98bced2835ea|1.4
90013cea-d924-41f7-8292-8c42cc32a647|1.4
02bf5ea5-0255-4cc5-91c2-76309897b290|1.4
ac38e1e9-741f-49dc-9627-416265334437|1.4
d11511c5-5422-42f5-ab96-b9357103d11d|1.5
d3e50fc4-b884-4ca4-9f3f-6935d0549046|1.5
88421fc2-7d61-44a7-b773-c16e789b28ae|1.5
9df047e8-de53-4a53-a254-fce685da4dfc|1.4
7ddbc185-8a79-444c-86eb-49a9f683500f|1.4
ce87fb9e-3e65-4647-ade6-eed5b341816c|1.4
a6210b01-4086-45d1-8d57-6807b5716dbf|1.4
1d840f35-4e68-4de8-b37a-26a0f2b70352|1.4
6cd81ac4-dcb9-42a0-9176-6b0d4dc3b4d6|1.4
5175e29f-707b-4cb5-a725-ef19cdc1507c|1.4
6da8fc2f-01a9-4a24-882f-98188286ce8d|1.5
e2b8e8de-6978-418d-8ec4-99e7d2f8edc0|1.5
3a3c4f42-a541-41cd-9c89-6741db3d7cc1|1.5
2f5182ae-8a0e-4e71-bbca-fbfa8caa59d6|1.4
5ac9f16f-ccc7-47b6-a636-1eeccbca8296|1.5
36f77d6c-0787-43ec-ac7f-41e88ba3960c|1.4
949dcf86-ffbf-4abf-8637-5cb16e8ae45e|1.4
efd4bc25-0070-48e0-8799-68bae4c20d31|1.4
21b2d893-7fe0-438e-82a7-f8d22dceab49|1.4
2a5f09e1-9c62-48f9-af56-2f43b7742867|1.5
fe20ad7f-8020-4966-bee6-6fa767e3e868|1.4
c3064bd4-281e-4573-ba1c-109e461af33a|1.4
85fde1c5-cb6a-41f2-85d7-1ff459dec5c0|1.5
ff667199-2106-4bbf-8c6c-018a509e63a7|1.4
32a7c99a-40ec-400b-bb97-194d2096ece2|1.5
fa98c71d-1754-40b0-9afa-88ba2b639f8e|1.4
9173d129-7b7c-40e7-9864-fb8fa2c159b0|1.4
c3077963-08bc-4f15-a22f-2b926a56625d|1.4
c237c599-0ee9-46a0-a8c2-f715991c966e|1.5
af2705be-c09f-475f-86b9-42574a750b68|1.5
a73fe0ed-5ba1-43e6-b7ce-2e7fb90871ed|1.5
c03139f0-f6a7-4e07-b0e4-86fcd924bdab|1.5
23646c2e-9b5a-4a5a-a9c0-e9b190ea6c07|1.4
f84114c0-5388-45f9-8722-d365339d9e0f|1.4
7801a6be-ed55-4fc6-a001-eadb9e778294|1.4
72c82451-eadc-4c4d-bd91-24c471c96b84|1.4
4d7c99cc-4ebc-4337-9a7d-b34f04638dd3|1.5
CF6E5477-F732-4F2A-A12F-ED6BF7D6EE4B|1.5
335a5333-0a5a-4967-8ca0-84be813f6ecf|1.4
c6c99837-66ef-414c-b738-df394da6fd89|1.5
aa1db395-6975-4d49-95f5-85f8af0c031d|1.4
66324cd8-1cb0-46cb-83e5-7e3298bf9fb6|1.4
f2b095a3-ba48-4080-9218-985cd16ae829|1.5
8f87b866-c3a6-4384-a2a7-4aab1c495e13|1.4
bd705178-1e48-427e-ac13-85ac8d8244d1|1.5
efaa45ca-1453-4293-af61-bbd9ea60f982|1.5
1b8864a9-e3eb-442f-933b-7b0e74fff6e6|1.4
797a78e9-93e0-46d7-bb9d-d9540346adac|1.4
543f242d-03f3-4dcb-a870-e8584d0ff3b1|1.5
33a413fe-6fca-490a-b33c-1f13875412b1|1.5
2c12c725-a748-4f49-8da4-957cc93cb717|1.4
1932252d-69ee-46d8-bf46-23476c1660b2|1.4
fde299f7-c7f0-4e42-bde0-56c268fba317|1.4
2dbaf128-ea5e-481d-b6af-8e9ec390d409|1.4
e6d9f6f0-e817-4711-b493-aa6f8b739cae|1.4
17f1d154-38b3-4d38-9f03-88a2016b2efd|1.4
a23416e3-2e95-4c0e-8151-52c8e9a6d1d6|1.5
20d6a9ca-863b-451a-bc50-c4bf9146eb2b|1.4
ae86b66c-4758-446c-b7e7-1fddcb57011b|1.4
f71c3d28-7058-41be-a80a-903a4e0e581e|1.5
c3b9ec27-f4af-455e-b356-8098fa4dfaa6|1.5
5526ed15-7e1c-4bf3-8e02-65da6aa1d26e|1.5
8c94bef0-0740-4c0b-9eaf-cf6a6025ca12|1.5
3b98d044-562c-46b6-84e5-079b262db777|1.4
85215e1c-608d-4938-a1a6-f4607343733c|1.4
d5f48f58-8760-493a-8afa-8282051e0b87|1.4
ae58aeb1-5d54-46bb-827f-3fea20c9aa0e|1.5
b4499dc6-3333-415a-8a32-0cdd0785d839|1.4
89d5251e-4667-4bf8-9bba-8a5d1018133e|1.4
4281516a-4d8d-49b6-941e-fa778b0cdb87|1.4
7d9914bb-4bf7-491e-a469-3ee228608cc3|1.5
7d672919-4026-4262-bcf1-b4a6f7b46f7f|1.4
c68fbf35-9229-40bf-9848-6a549fcff775|1.4
7c0b96a1-6628-4ca0-8288-d501d98fe119|1.4
74708758-d602-4319-b518-6cec4289c5f1|1.4
f9c1fada-3daf-444a-ab9d-9f532c5465f8|1.5
474f6d64-4ad0-40fa-8ca4-8dfec2bc5cfe|1.4
daf3657c-f40c-480a-85fd-590dabc6d0d3|1.4
e473fb98-8ea4-4e64-9c98-94f34ddd5e0f|1.4
b2057b45-6c9b-4c0b-8254-6cb7e0bca237|1.5
0263e482-d9fa-46cf-bc1b-9ef3d9b8dd19|1.4
91aa8758-05a0-45fc-b938-54708b311b2e|1.5
953c6331-a8df-4263-86e2-c6b76f878ebb|1.4
b2692ec9-230f-49c1-a285-f0a75e69a4ed|1.4
14b24421-a925-445a-b7aa-87b8a91af160|1.5
be6f5375-85a2-430f-9f46-8dcf82b8e6df|1.4
e54e2129-8866-4e72-b10e-7c90b38cb6cd|1.4
870c2df4-dd5e-41b4-b84b-0068a856c937|1.4
dde8a399-f60f-4911-997d-98d70e6acd4c|1.5
21910d0f-c00b-45cc-be1c-14afdd4f56d6|1.4
333454a3-da7a-4d1a-a59e-d0f093594dfa|1.4
320207e8-6d8c-473a-b518-763d4ab96dae|1.4
0716d48f-658a-4e5f-9f01-06d597cfccdc|1.4
5eeacbec-2f64-4e1f-a1e2-ca06d926fd7a|1.4
2da035ce-d132-4960-a643-08147c30daf4|1.5
0e17af50-a25c-4f70-a8ed-2711d1e48cbf|1.4
e1447672-0ca2-4d21-9e40-14f027755100|1.4
f4eabf6f-461c-40ce-9ccf-6bdee6b770ab|1.4
5a71d55b-eb51-44e3-8497-fe52f86f3019|1.5
1ea56b7d-7352-47ef-88b1-bc7f292808c5|1.4
3fb68e95-8e67-40ee-ab57-648beda5947c|1.4
82058ba3-403a-4122-a8d3-aabad95e5e24|1.4
0dcaa86a-c57c-44de-b13f-004f93485eef|1.4
0483aed5-de6b-47cd-ba5a-75e44434b0da|1.4
e95787a7-9222-41d0-aa53-38c91fb7129a|1.4
b2ab57a1-6034-4e6e-831a-70988880ca95|1.4
f8a781a8-342b-416a-b58e-499526b8c4a6|1.5
44cdd57c-b410-452e-b545-ce5b9ecb544f|1.5
31e705bc-62c7-4a7a-87ea-0b64403e20a2|1.5
3e0cc586-b9ba-4102-88f0-a21ad315dd22|1.4
6c57a742-e1fc-48c6-bb62-441361bb73c2|1.5
75ff768d-4aad-4bee-b7e1-a0bdafa39a9e|1.5
50148f49-8256-4d82-8b8b-7d813b6f1516|1.5
a80a8e8f-d09e-4c0c-ba5f-7d2af4d2fadf|1.5
e7144533-fdca-409e-a97a-dd7afc028ca4|1.5
7959494a-52e5-4b56-998d-17bf6a04ffbb|1.5
1505c0f4-3cc3-4ab3-8d21-1953ce2037f4|1.4
ea2c4dec-4876-4365-a0ca-d66d2dc79450|1.5
2df80eca-5c94-44f3-8775-f0b64db7c480|1.4
878303a8-e5d1-458c-9565-774e1ca7f8c5|1.5
a6afc159-66eb-4df0-ba16-0a8bd05ae3b2|1.4
5a84ccc1-fe27-451d-a306-2b10ffc92846|1.4
3620aeaf-2ed0-4785-81d5-e8db0f39e0be|1.4
ec0ba312-993c-4b8f-b212-556f12bf026a|1.4
cedfb0f5-7b3e-44f2-ac28-3ba9db0f2738|1.4
db2d8928-8eec-4df0-8e19-0ce6215771b8|1.5
cf73d094-c1c9-46e1-b926-64137839b053|1.4
19a6bc7f-fafb-4cd1-9733-3e5766391dda|1.4
dfd2c091-5ef2-40fc-8aaf-b59b86a8a65c|1.4
d66cd34f-06d9-420b-b633-c4103549b475|1.5
69c3df9d-7014-4107-899f-908b7117a51d|1.4
202dbd46-ac38-4d87-9cb0-3e18142b5983|1.4
ff69c42b-ff85-4977-8eb1-0cfbfd3ffd41|1.4
b03ed976-bc4e-4165-aa32-59cd1260c79b|1.4
b67c185e-c6c3-4456-8eaa-18278ad2b816|1.4
52f9fdee-53df-4ad8-96a4-3baeebd5860a|1.5
8f22410a-d4ed-4bc2-84a1-fb9811b32b81|1.4
984133b1-2ea4-452a-88c3-447af67487a4|1.4
0fa9326b-12d2-4d9c-9ee3-969aad3a9eb0|1.4
a52b5a3b-25ab-4cb8-8083-873d72687552|1.5
29f96aac-d9e1-484c-82d8-eefdbc24341b|1.5
c4dcbb75-b522-4fff-88cd-f19fdd54c159|1.4
78d14092-df9a-43ed-8af7-2fed6a657a62|1.4
01051b49-9097-4ef5-9218-064f0d645c45|1.4
ee49081d-fa38-4361-b374-a0934e353744|1.5
13c9c855-844f-4475-b810-317839c5b880|1.5
53878da8-c1e9-4da0-9425-734b4088ebad|1.4
4578a326-27b3-4efb-a292-60d6dd640aa9|1.4
7bf6af73-ae4f-45b1-b068-85424da97582|1.5
2ac9bc9c-4ca0-42bf-9299-3c54428dee0e|1.5
e85123f5-e771-43b8-b0a4-ac860f6c93fe|1.4
ef47b09d-0e1a-4c3a-9f1c-c90f45c9e8fe|1.4
edbaa27f-4a66-4349-90cc-5b2e45bd0223|1.4
dbd86eb3-d70e-44a3-8a7b-4287d1a5cda6|1.4
7efc9898-e2c5-4ad8-a5b5-51cfe3f4be8a|1.4
79af580d-b02f-4cb6-84df-abcb3d736059|1.4
3c2efc89-1204-4d1e-930b-f6c40e9fbd67|1.5
0161b274-bc45-4799-9683-aeb962f6e79e|1.4
399f738c-2369-454c-8619-eac24e6bf1c6|1.4
768980aa-8f4b-4d3e-a528-022549657cf9|1.4
a8eb252d-7dfd-42a5-ab32-023e3dbc1fde|1.4
afd0be16-7558-4e6d-b453-fd3749cd0f45|1.5
87e9fbda-3b5c-4429-b6c9-4f51526c186c|1.4
8722c82e-419e-4ea7-a021-446205213f51|1.5
0bca31c2-9649-4a3f-9b88-071e45e60e08|1.4
128e5b82-5f3d-471d-bc90-82714c781c03|1.4
51c39c6c-32b6-433a-8f59-96dc9e9c5236|1.4
a1cb3837-7468-4309-825e-f20819912885|1.4
35db6c59-022a-4722-b809-05b2d7ef2c21|1.4
e8e41c8a-cd94-4c01-bc04-1de55c359733|1.4
363c434e-5bfc-4fd8-97d9-59b1ba0baa37|1.4
d910d8d5-3496-47f5-a184-8c6c35a56455|1.5
a71b16c9-660a-4d7c-8a58-ddaef6e143f4|1.4
a59d7ac9-17c7-47c8-8571-1d36a080ea2b|1.5
b21e68f1-de75-4b24-b882-af2ff1d327e7|1.5
104E6996-2E17-48F7-8805-462F168E802B|1.4
d91b65f0-c496-4eb2-b2a3-2c0702a5503d|1.4
73e54c8b-32e9-4efd-b186-36bb96154225|1.4
61c7bdd6-26f1-4671-b27f-96bc7ed876d6|1.4
4712ae1e-80a0-4f69-ba47-830ccb7dae1e|1.4
21efbe3c-dddb-49c5-a7c8-bd63407cbeee|1.4
689ba491-7d97-4f4a-9d0a-f32f9a8dec1b|1.4
a3a1bdbf-184d-4c74-b00d-88111a689ef5|1.5
d8427017-e7b4-4753-850c-889d3f1bb0ad|1.4
97d67e57-1aab-42f5-a63f-eb5dd69c7618|1.4
74f8fd14-30a0-4e94-9a6e-f5c69d1305ab|1.4
9EE9FDC3-D528-4C29-9ACA-47DB8CD7E144|1.4
958f09bc-8e8d-4e2b-8c61-7ceb6ab0d4bb|1.4
1efaafa9-a864-4713-8887-4b7b3bf28447|1.5
895bc526-50b8-4f8d-954c-491e86ca86a0|1.4
40827675-4777-49F2-B174-A20068A5BAC0|1.4
429b3577-8bba-4287-874f-0b003381520e|1.4
88675dc5-c9d5-4ff8-b614-070393096c6f|1.5
45385019-b660-48f9-ba19-69650763651b|1.5
ee95ed34-691c-4689-b1d1-b417ae1e4e2e|1.4
490f9832-576e-47d1-a616-88c02dd200b0|1.5
330c9d90-e65a-4415-87ef-3476ccd594c2|1.5
f5324b6f-b7c4-47c0-aed5-f2153b2cbc81|1.5
6c89aaee-cd18-4fad-9231-4e7211343ad4|1.4
73ce1fb0-4afe-480b-adfb-4667918389ae|1.4
ab0a5ff6-d16d-4e5a-8012-351103836986|1.4
cef04c06-e01d-45b7-acf7-aa2574a09411|1.4
446dc969-88b3-41e3-ab9e-5d43bf3d0657|1.5
86e391dd-f5e4-4be2-a243-4dc414149456|1.5
ddeaeb29-0d22-4cf9-9fb6-d3db4cb3a754|1.4
85e0d859-b7d0-4e5e-9cea-2bb3f4e96c6d|1.4
c6eb4d82-4c0f-4a8e-8b55-a93e1e03b0fc|1.4
5d89f19e-d74e-4635-b594-bdd850d4b2d7|1.4
2fc74dd9-c3f3-4538-94df-255b5b59766a|1.5
3208f448-f629-4cfd-91c0-a93342f58207|1.4
bb6fc2c6-e741-4ca0-b4f7-1ccce876b771|1.4
a4eaf218-737e-40ca-99cb-1a26c5ae6d07|1.4
6cc209d3-07ec-4f42-bf28-1d2a73e5c285|1.4
c23e2a2f-e4f0-4e56-ae19-7916466afc3f|1.5
5ba39466-3dcb-471b-a9cc-44b0125ae5d0|1.4
d27090d5-b695-474d-910f-58a0750fc1a8|1.5
C6F16893-F23B-4633-AC33-CC6E7A60F07C|1.4
668fa87b-cb46-43ed-8319-fa89071fe2b0|1.4
4fb0f5b3-8f9e-495d-b553-123b0b740482|1.4
45c1eb56-509f-4e64-a06d-b7025b7d548a|1.5
824d9c26-6dee-446e-96cb-f7be0a96f819|1.5
94e4ed0f-d4be-481b-8026-0c0997efb69e|1.4
97634d7c-c8df-45b4-913e-764e9defcbfc|1.4
9b67dd2e-1d7c-4d71-a583-6770ac99d953|1.5
7a7fcecd-76bf-427a-80f4-523bd8b3c4b4|1.4
05fb40d4-7872-439f-9b80-e0973c17d2a4|1.4
794242f5-af2a-45b8-90ad-18e4cf756ee8|1.5
bf3f842c-8533-42f9-a7ad-b726a7cddfb8|1.4
f260fcea-b3b4-4895-bd0f-2033d263e462|1.4
5980dd1c-14db-405c-bd62-c06822ef5d8c|1.4
6ebca797-8ed3-4a29-a611-73083042398c|1.5
75CD60E9-DF29-4BBE-9115-811DE0872E14|1.5
4c7fbe28-6da7-4d1b-99e8-17f19c5c267d|1.4
e6f521fc-7e37-4606-8c6e-b1a0ad8c6536|1.4
ad8b15a3-7a1d-4bc6-bf3e-57319fcde83a|1.4
02526003-fc7b-4930-a702-00607e7ed78d|1.4
aa9eed90-8ba9-4d14-aeae-24f23069c739|1.5
bc55ddaf-5ada-47ba-9e55-497cc1beb8c8|1.5
3b355ae2-ef23-4990-a987-ed9bd4d5cd00|1.4
a6342dd4-e61d-4103-af90-06d093706bc0|1.4
945c3f34-9c7c-4d56-95f1-7f8593ea348a|1.4
0000acbd-e148-40a6-83a6-9cd0f5a5a078|1.5
21e0d2f4-1bec-4a43-8723-bc1a4b37effb|1.5
74abc869-3695-4bac-816e-2b37a4092b99|1.5
d957f889-d81c-4c02-8028-2235106aec8f|1.4
526771a8-c9b6-4496-857e-4c8eae713b6b|1.4
21677a82-5d14-4dc6-b82d-351a5b92ff92|1.4
4122b1ec-1993-4d61-9885-e1e000f3e73d|1.4
4c65857a-da52-4f3a-84ab-06ce9925314e|1.5
0a791573-161c-4a4b-a1f3-808503088d54|1.4
ecc8f035-1fad-4a77-bf3c-e155d3998610|1.5
218ca998-25b1-4432-afe9-d4cff0121e2d|1.5
4e84d569-9f62-4411-b0aa-31d10bec9168|1.4
ceda5466-89d5-4ffc-a48c-b96fef21165e|1.4
ae645e67-674b-4996-9eb7-04cbea26e1c9|1.4
5116e99a-7b00-4f3d-9e99-e1cdef298415|1.5
b029794e-7ecb-47ce-8915-f136b7b1dccc|1.4
b8fa0ce3-af13-4b94-b325-5e4ca099d374|1.4
8746a950-23f9-498d-8f72-dbad4405769b|1.5
e56f4641-a6d1-4930-a6e8-f78a0a794f60|1.4
8d03117b-b067-49f9-b7c4-275acd5fbcb7|1.5
51c9d2eb-5a21-4029-b690-735f3db49581|1.5
81c3ec98-7dd0-4ded-a8e6-6a32d6a2d248|1.4
de0782b7-03a6-40a6-a4b0-ca00ca50c694|1.4
8837b946-9b53-465f-a0bf-fe77b4df8c56|1.5
1ec72d2d-3d5e-4fc2-b478-90b9f5a8fac5|1.5
3ab177fe-8441-4181-b65f-7c3a5f592d43|1.4
8b15afd7-8f5f-4412-be2b-8eef23b3b029|1.5
915ad213-bae7-4888-ac13-dbf61077d64b|1.4
b12e3731-e35b-4808-8ff4-2bf70fac3f07|1.4
63391dfb-db98-4622-9263-0e8add7ba68a|1.4
3244b5dc-56cf-4454-a066-bc6c827ac5d8|1.4
95370468-9553-437f-99db-f3b84907c8cc|1.4
d5a9036e-dc51-400a-8b4e-6930ded404fe|1.4
0962b548-99a7-4b69-99a6-5255fdf7978d|1.5
4c620ae4-fc1a-41d9-a39f-a5013f49587d|1.4
32381c22-a6e1-4568-9f50-16c3e8a41955|1.5
66419e8f-626e-4164-a73b-484ef7a9f136|1.5
3495d80b-56dd-4203-808a-8bc13b914bdd|1.5
c56750fe-2135-485d-854f-890ba593bbc8|1.4
3859f1f6-a379-4a05-98e9-aab5a7ba00b2|1.5
4529edd0-84cb-46db-8311-dd6abb553f1b|1.4
2d96e0d9-ad29-4ebd-9094-ce04f2efd086|1.4
c9635eec-387e-492a-a0e3-7e22d8367d91|1.4
89433f88-5eef-4730-813a-af0d980601b6|1.4
12788b8b-0c23-4e15-a687-f06b2e1c3bf4|1.5
d9835729-3772-473d-bf15-af3b8fa2a7c3|1.5
959216c6-7228-47cd-b296-16500b807716|1.5
54071c97-14a3-4d79-b76b-2e90398d5ff9|1.4
bdbe3da8-3952-4fda-a401-2fa7df59d143|1.4
dff6bde7-0ee9-4619-b40c-e852cc1d4125|1.5
e5926063-0732-4512-ae63-517eed4b51d8|1.4
1da3cf39-3b3d-4016-a274-29a8375f6cae|1.4
c6ae2fbc-0b65-4f66-8e3e-82d021e3a1cd|1.4
d6241f4c-f3f0-4c5d-a9d4-793772dfa050|1.5
18cb761a-dd19-4e41-b89d-c2c83897ca86|1.5
15e17d7a-f9f0-4afe-a7e6-15a6fbf177ce|1.4
46be5c92-f1a7-4387-9a5b-6b3673530bbf|1.4
93544475-033a-4abb-ad35-036bc4944d4a|1.5
cfa16a51-da66-4243-bd70-285eca4e1bcb|1.5
c7b83f70-02bf-42ee-8b39-5697b577bd3a|1.4
70cdd730-b507-4d7b-a8b2-1cb16dc2474a|1.5
699002df-9302-45d5-9e87-519772bdab85|1.4
8e6c31de-4bb7-41ce-9038-2ef3242ba7b4|1.4
0b29a987-3732-4f87-9aa0-67e6ad394b6e|1.4
0e553efa-9e1e-49a2-a40a-8a7e6fa29980|1.5
d997a268-adec-4ba3-8414-44d3c4dc7af5|1.4
632f6823-5ff3-4f6a-9b21-e05459712cdf|1.4
48e1f44c-b761-4f09-91c9-0cc1f944765f|1.4
844c99eb-6995-4aed-8c5b-95fd2211ea55|1.4
84ccc5b1-34a2-4449-a059-78e82df3c0f6|1.4
7e500771-b2a5-48f6-81d8-bcafb5ed73ed|1.5
f41bdd69-6fe8-44a0-847e-7a90fccbb868|1.5
286e7f11-10ae-40bc-91b3-50939fa9232d|1.5
0b917bd8-fd94-47af-bc10-12abb67329d4|1.4
0fdbb960-6f92-470c-bb47-5033bbb03fa0|1.4
00fc2b98-0f6e-4be7-b5aa-c08af0af55a3|1.4
2a53dc97-c33a-467b-89c2-3c250ac88046|1.5
4e76cecc-1f6c-41f4-a483-98b8e3314a92|1.5
bd1c1432-5e3e-43f9-bd92-60ab70f55f5b|1.4
e2c69bbb-51bb-48f3-851d-e67fd259cee5|1.4
7cfa2497-d190-44b2-84cd-adf83dab36d4|1.4
53606ffe-94a5-443f-8019-249be326a8b8|1.4
a48e1d76-7b67-4ff7-8c38-89b612e911e7|1.4
22f06557-cfd7-4b83-9ea6-8ecb0b3b4e55|1.5
cf3a9563-4f48-4b07-81c1-8d91e108bd15|1.4
082106b4-de4f-4d44-8239-1f6395db4704|1.4
841d9055-41c4-4072-8068-55ee0a45fefc|1.4
0d86c0b4-2178-4298-9ddf-06f5dac46ab7|1.4
a38a3939-7100-4cb8-93fc-34d8dcc5948c|1.5
5E4B183F-5263-4A46-9709-C57C2A321633|1.4
f75d3366-3779-43be-9fc8-9395399b1758|1.4
6c08f7f3-ee2b-4dee-bad5-c8cdac674e86|1.4
67f9f0be-35ff-4c27-9d1a-0ee222a45dc8|1.4
fb416ef5-fc69-4ef7-9cce-4746a596e16d|1.4
b9607280-5f7d-4999-a7b7-d086aa4a7f27|1.5
3969c327-f33e-4249-9a29-a69df22d6af5|1.4
ebcf078b-1988-4bf8-9e71-ebc57e669ca6|1.4
f47c99f4-f96c-4cd7-b353-364a26f5138c|1.5
d050f0f9-ecc9-4ac6-8dc0-03ad14559b88|1.4
a5ae31aa-8cdd-4906-8941-b5a8b2b507ab|1.4
3a90da0e-93a7-4b3b-8bff-b0216293a92d|1.4
40385acf-1783-4cbe-8c22-b8a0bfde55bd|1.4
a5edf094-11be-47f0-9265-69e645e93c96|1.5
105cafa1-7a11-455e-b188-147a0b167e35|1.5
4fd01705-252a-419f-8039-ecd0b139dc6f|1.4
20fd2ff5-1782-4f17-ba96-b25a260272ee|1.4
0443b828-6923-442b-a2d1-1dc7495f4cae|1.4
e853d20d-6551-4194-9e42-23b1f1f4e267|1.4
1595f07a-4310-4b0a-a3f0-0aeab83f4b1f|1.4
27f8b8d5-3dc6-4aea-b085-2948e9965733|1.4
1e63a927-e8d5-428c-82a8-2164fe3705ed|1.5
38495481-a4b5-425e-97d1-a0742e9afffa|1.4
3a5a0f76-902d-4617-ba6d-59130d378769|1.4
9f46cb68-95a6-433d-b1dd-845823ac227c|1.4
b06e49c8-54fb-4780-b2ec-049ec1835239|1.4
52a2f296-63d8-4a46-9476-236e60785b4b|1.4
6e6e1d71-98c6-4772-9823-8911c0207598|1.4
6d97d219-1033-41b7-9443-7f160d7bc2be|1.5
4d70be2f-1ff4-4812-b39d-f9965deda807|1.4
a8587c45-ef53-4099-aea4-f17b2b497062|1.5
d7e8c590-5809-41f9-a59f-459b3a8f0a7a|1.5
9ab4a0f8-0052-42dc-8b9d-1032fb9f52f7|1.4
ebd80ef8-e2d6-4bff-ab67-bed108227c7b|1.5
4d016cbc-ef24-4687-9ed7-73eb29028e07|1.5
44f37e7a-7ebd-475a-91a4-9590f0921099|1.5
39B0F75F-1C84-49A4-8119-B2D222DA2F5D|1.4
7CC4524E-CD25-4F66-8569-70EF28834D01|1.4
94580d2b-07bc-46e6-b8da-2df0f1f96a16|1.4
5fb96d0b-7c22-4b78-8c99-d70fed94dcab|1.5
a1565dd0-2f87-47f5-8626-35ba8f1e9dbf|1.4
7c302727-04f6-4439-9721-76676976e939|1.5
0a82fe71-b3b7-4ec6-9ac0-dbf7b3706791|1.5
cff4bb32-f32d-4695-b694-14ce2c305fc8|1.5
a07bb786-48a2-427c-918e-2c9ea10fe77d|1.5
b23141c7-1244-4a0b-beda-a6cec0a14c1b|1.5
199a3914-771e-485f-a1b8-e32b6bc9088e|1.4
d2771964-d7d3-4476-9438-9b4ae6948a00|1.5
53b4d073-4cd8-40cb-a202-cc4c28b70c18|1.5
f5c291d2-f226-4dcb-9b52-763e6c3e869a|1.4
49ec4f06-9223-43ed-b3f1-6d26ad6d0fab|1.4
95825125-7c2f-433f-959f-d0ec28fccc06|1.4
6a4eb37c-29ec-42a9-9287-1269a03dffa7|1.4
da48aa65-fe72-4a34-95b8-e49127218a82|1.5
c5542ba5-1f54-42d3-adf5-369bbd8b70b0|1.5
790e77cc-a31e-430a-82a3-9c7628bbd514|1.4
70b8d2fa-d1c1-4e86-b6a6-234acb0b52f2|1.4
c50aeab9-f92d-4919-ab90-4a9278cfcebc|1.5
5ccfe278-5161-47c6-a4b8-d04dfddf895f|1.5
8591178a-0500-475d-9aad-be950b24d1f3|1.4
151ddb8c-db80-4f72-8db1-063c7f14a94e|1.4
01fca6be-718c-4bc5-b9a4-73a8dc372e95|1.5
31278edf-4fd9-4767-9fc1-ff43b452ed03|1.4
f5f287f6-9537-4995-8672-22f06e930b28|1.4
330b3e39-c29e-401a-92c8-cf9ca462db23|1.4
60ac3d06-c95c-420e-b520-7795884469ad|1.5
e68d3812-96fe-42f3-b928-4fd40e62a88e|1.5
a32feecd-cbe4-4c29-8012-0abf31dec165|1.4
dc7a4e3b-7dee-405d-8f7c-e8139c9f0eb7|1.4
a4dc8a2f-9d97-4e66-9687-a0f54a1c6c1d|1.5
4fea82b5-6462-487f-a60c-58ae94949a20|1.5
10b74710-79ff-471b-817b-c50ac067ce5b|1.4
06bb8b0f-b2a5-48cb-9b83-c695de9fc50a|1.4
c37ff25c-62a1-41e0-9881-9979949a9312|1.4
dbf42ba3-903b-43f1-8530-595f2bcbb6c9|1.4
8c96654b-2df9-4105-97aa-e6e2f1e2bbdf|1.4
08968f0e-8fa9-4846-9ed8-b5578d8317a1|1.4
ea3ab0ac-c181-4ef0-b714-1ec33018b2fc|1.5
7e2d9003-37f8-4d09-a9c5-216bca6f5cd1|1.5
2acd139e-8086-4ad2-8160-98f0993e8214|1.4
76d76d5b-7284-4181-9373-0a385cae721b|1.4
be93a817-35c9-4035-a139-12a64ea31805|1.4
31d90d7f-f310-4093-979a-0a92459cac45|1.4
CAAFEF0B-0015-4D89-81C6-E8B8E49DCE62|1.4
df6afddb-fe92-4200-aedc-5c39b7a2ab00|1.4
4dcc7f15-aa9f-4d1f-a505-2580a27be6fd|1.4
d76f7ed4-911e-468b-8fd6-73745bdd4dbb|1.5
df66c0b8-2ac4-40ec-a3ac-6629bdbb084b|1.5
286542be-026e-4606-85a6-956979f07b28|1.4
b99ee26f-91c9-4729-adb0-611e638fb089|1.4
43116a78-6e45-4f34-aa15-eec9e6f79adb|1.4
280edd4e-dc86-4678-92c5-4a881de70d4f|1.4
b626b181-c1ce-4912-9d2d-294bc529d8c8|1.4
7139886d-f28e-46fe-83df-a27455bb142e|1.5
8a266b70-e770-4e1e-9a9a-371167451528|1.4
acc13c2a-021e-430c-a0ae-9c63f593cdfe|1.4
cfb68769-a6f7-4a7f-a3f9-4dfbb7e26b9b|1.5
f6f534ef-b940-4267-b06c-787d4d25fe18|1.4
03888679-b959-4fd7-b7c6-40c577779df4|1.4
4d235359-903b-4469-990e-69a2dff92b8d|1.5
3e133644-f816-4c0f-b422-b6ce8d31220f|1.5
e0b9931f-ab12-42d7-b944-51fb8b46bff5|1.4
5b743761-2f53-4fab-bb9e-d06b956dcd97|1.4
8bbfdeb3-c2fc-4ab6-af49-b124fbecb676|1.4
67453f25-2de6-4251-949e-315a42ea6bc1|1.4
b2aa6bff-0d27-4f4a-9a5f-81114d356a32|1.5
ac43cd6b-b2ee-4ff0-9c41-0dc6be4676cc|1.5
b6783aa8-1b5f-43d6-9a63-5fa0751a0d9a|1.4
13036935-ef0a-4b5e-9180-606ee3033498|1.4
8050f2b0-a5ee-4ba1-a3a9-5ea849854509|1.5
a627ecdc-e48d-4038-8e37-e0693fa00fc9|1.5
57451590-9632-42e2-9589-723a1920f947|1.5
31d0f4fa-4b0b-421a-8fad-1d2ffe300c8f|1.4
91abf80a-9d91-45af-a896-5fa594be7038|1.4
ed714a30-2e27-41b6-9c2a-df7bce58cf87|1.4
06365bc7-f805-4aad-87cb-00c5b554b5a7|1.4
8cda5dc8-4c01-42a8-a7cb-c06c264406e6|1.5
548aa1ef-11eb-46eb-afdc-cc565adc664e|1.5
6b3db604-01de-4957-90f1-f17474777e00|1.4
ddcf7109-f49d-4c14-921b-00f882ac563a|1.4
fcf5c584-cc7c-4236-bc8a-90826d13edc6|1.4
4df8cb36-dd5b-4ca1-87bd-6f22262ae685|1.5
e80edf72-1b25-4872-afe7-83f2ec0b4b35|1.4
f8c0c503-7a91-46c3-8828-e9a6fd8b31f3|1.5
ccf2fb81-0688-4281-aeb2-b1ff7e529433|1.5
3e70afd5-267f-4450-b384-968c00e96355|1.4
2535115f-61e4-47ef-bc99-550f8d35af1e|1.5
a9d96baa-0317-4bed-b3d4-fa0ba0c0e91d|1.4
1c9bb8a3-740a-416c-918a-7fca9d17013f|1.4
dca6b8ad-1668-4e2b-ba06-878171f05c8c|1.4
0e8cad56-13ec-46ca-9f61-2ac7ce1f8acc|1.5
89325553-e09d-43de-987d-afaa810f512f|1.5
5e172e96-4c21-46cd-ba44-178807eb8c3a|1.5
06129747-cab5-40a7-8dc1-682b4bc5a5f6|1.5
e6538ee6-eda7-4ae2-9cda-2e70f0e94e0c|1.5
f25846e9-13d6-4890-9382-465f233193d2|1.5
ef40869c-fa45-4d60-b6e4-3a7947495672|1.5
86360a2c-b216-4d00-be56-aefeefbb743d|1.4
638dcd8b-3715-4188-ab5a-4b719b9448da|1.4
63890573-f009-4deb-999d-f962f7fefcce|1.4
fecc4f2d-d356-48a4-b020-d4dbee7490ae|1.5
16fef531-7e28-4619-8b48-ada195015deb|1.4
fdbd1ab3-502a-4965-a857-16b95e375aae|1.5
f63651bb-cc46-412d-84af-fd493855a9a2|1.4
1bc92d97-8a2f-42d3-8496-d9e5001348b3|1.5
87ed7a40-e5d6-4517-9e54-05931fc2b181|1.5
8572cb4d-9b02-465d-aa93-45cb851ac287|1.4
2431ea9e-9417-4e06-80a7-cf5d32109bfe|1.4
8f14f0e7-e632-4616-b70e-d1b0001288c7|1.5
0f32d02b-8530-4e19-9674-8f626bbcfb92|1.4
c7476e17-55a9-4393-9fcb-9fa6d9760841|1.5
2750d401-acc1-4c5d-9b25-f6e732de12a1|1.4
0afc89af-65d7-47c2-b7bf-ada5241836ef|1.4
24c5dc0f-f22e-4af5-8af2-c9f5d274b067|1.4
fc34762f-70af-489f-a536-b4426820ff28|1.5
77d0b9d8-a9ac-42b0-a61b-a2ec58505df2|1.5
e32cc448-fb63-4d2f-a23e-77bb184d7068|1.4
96d45c2b-aa80-4e33-ba20-bb33f88f03dd|1.4
5611c4c6-b65a-42b6-8e21-8a78c4bdd6b6|1.4
889eaee4-ce22-4668-955b-5ca1ea220ce5|1.4
9810ef69-1af3-4c44-bfd3-f0443e255d58|1.4
6e2ac2de-b3d7-422f-9402-7ade347f9696|1.4
a22d74a2-a54e-43e3-b1f6-289ef043dcf1|1.5
ff7a1e9a-9633-4062-96dd-fbed6ec34774|1.4
17a6874e-6ac4-4ca0-9368-e9a3c7a29302|1.4
a5a6590c-be30-4dc4-8a4c-9973eff03e48|1.4
621045b2-28d8-4c44-a50f-aae5c4f9fc50|1.5
09f5641f-717a-4fd1-995f-d2c632643bb3|1.4
0b105a3c-de07-4e74-92d0-1d7eb2d383f3|1.4
ef62e888-3dd9-406b-beb1-7912b81ab0dc|1.4
5f42d9aa-1fe3-4fcc-bb4c-b29524e26fdb|1.4
de230b32-441b-4dfd-bd35-992f73fb6b5e|1.5
92dab849-b7cd-47a1-9c22-97166fa50044|1.4
6518dcfb-6ba1-4e04-ace5-9552eeb57ae7|1.4
96418f29-ff37-4a57-98c4-a7761930ccfd|1.4
6712211c-cf03-4185-bf0a-78b7f388bdeb|1.4
6692494a-a925-45f8-bdb4-f8759b5f7790|1.4
1d9f7410-aaaa-4e22-a0ad-602d30776051|1.5
a005f41e-e948-44fb-9e58-b0dd513e4f8b|1.4
01847635-7b26-4f0e-8bc3-7648a3acbf1f|1.4
71722403-55a1-4e25-8195-833fd5ceb81c|1.4
93411376-4B64-447A-BE7B-24FBC517C0C7|1.4
e0fb0ab7-2d26-4e80-84b1-bbc28079f785|1.4
2cc4bf6a-c109-4a25-b42e-633193fe0e93|1.5
5005c9ef-02e5-46b2-8540-822d1242dccf|1.4
5ae06d89-131b-4a88-a2b1-40669b79f1c1|1.4
e9f29aed-e799-4c7e-80a5-eddb69f818cd|1.4
03426bd0-98cd-440b-ba05-eddb3d4907f9|1.5
c880f021-8c5a-464d-ba09-84c7ad6b46d6|1.4
d70144ae-1791-43df-9b84-90f6cfe7a160|1.5
8a26f255-82b6-4396-9215-6e6aa7ef3667|1.5
9dce63ff-a747-408d-bb83-b36d48f4ca5e|1.4
c81f077f-38ad-480d-ae9b-e56fd2161482|1.4
5e51f97b-4019-4b48-911c-d8c75f9b02f0|1.4
10bdaf4e-4f3e-4058-ae4a-b3512dd517ff|1.4
56ad6df4-7c66-48db-8adf-9363084c83ed|1.4
2925af11-2131-4f6f-ad99-bb5f221d1bc4|1.5
a325ef7c-10e8-40b0-9329-fdd3aaf92ac1|1.4
6857fd54-29a1-4205-a582-899d006f293c|1.5
78b72671-0a25-4d35-ba4f-85c2745c1bd8|1.4
ffea51bb-1216-4ff7-9907-8df8b9ae3f65|1.4
81755c42-36f1-4659-9fb1-278153a97620|1.4
eaea45c2-f11c-4209-992a-4b5d60d4efbe|1.4
b86b5dfd-16e8-4bbb-b213-588e8c3b3d88|1.4
c6d66ae6-5d1a-49bf-9d14-b39bab9041ed|1.4
9154e8b1-5028-4264-96dd-244405f38f55|1.4
4b3e2a27-3e8d-4bc9-8689-82271bae7ae7|1.5
f7cbf4df-e057-4438-b47e-be6fb92c002f|1.4
96a53838-170c-4261-9ca1-ac7a45c2d0f2|1.4
a7225e1e-9042-4364-bab0-e4acbbea3588|1.4
fb91c1a8-f1a8-4671-bf68-b8f4ecbca115|1.4
bdf05f20-4060-404e-bdd4-463fd1250a86|1.5
C19FA5B0-BC4D-4169-88CE-ED5E72CE31F3|1.4
f23f336f-f64d-4110-b7d6-85cf9ede9767|1.5
f5ae8215-0c70-4a6f-9f1f-02b9c4a11912|1.5
7B813748-490E-4C9D-943A-0AC73863F2D2|1.4
2561a42a-5135-4076-92d6-16e77c285c6b|1.4
1667EEB9-B91F-47C4-80BF-1C7C4D973C29|1.4
5b9ddbc6-80d3-4598-a962-774e71201bfc|1.4
82d6e84f-162d-4c0f-8ddd-95da30b67f67|1.4
24848d55-5e04-4397-8805-0975c4e1c068|1.5
50628d54-4e5d-4d54-87be-f80f3d7b2795|1.4
f1b2b7fd-a606-4679-b7a8-dddd41a81fd9|1.4
4391642a-e2f4-479f-b436-215db37ffaec|1.5
72ac0c41-849b-42fb-abfc-387d2a239a62|1.4
701dffa8-51e3-43de-9416-f223be1b2fb8|1.4
220e2e19-da57-4740-ace5-f4c389a8d89d|1.4
68df86a2-c3d1-4287-b6c3-27ea8ba74277|1.5
10c7f014-92f7-4b90-9950-b704073b63b7|1.5
b2ff232a-cfdf-4e5b-8f92-dbffea6ca69b|1.5
b92354fb-3eab-438f-a5b4-136f925cb9ae|1.4
f33c6ea3-1155-46d0-bce1-785a55da8b3f|1.4
cd968744-3bc8-4407-b263-23474b2f0501|1.4
5fafef68-f0c9-48bc-87ea-d72c64b132f3|1.4
2855571f-6f14-4d8d-8a20-13d45121f732|1.4
888b6827-3709-49ea-80fe-ee5a522bcf57|1.5
16E19F06-7B8E-4628-A67F-0E8FF6A78F64|1.4
e55e8bb9-b284-4840-8e38-cf70ba572dfe|1.5
B05CCB0B-B28B-4DB0-871F-3BC054EEB83C|1.4
f9545b37-7218-4592-b764-900e82fb6d7d|1.4
145da2be-9667-42af-9410-f6b0dea86ad9|1.4
2b4d9a3d-9f16-4e8b-b097-4242bd183e34|1.5
cda05beb-52dd-4956-9ffd-a4faea9dfe17|1.4
2fea9a80-04c4-4227-b20d-41081a2823f4|1.4
8eb7c8e3-32d1-4fb1-b647-21b8b368cbc3|1.4
e7935544-63cc-4dba-8d9a-0f1446b7cda6|1.4
65e5d574-8dfd-47ea-8554-5433b53e896f|1.4
f4e9287f-6a0b-4637-b885-c1d05d9d5830|1.4
1c55d496-2d08-439f-b94e-140da6745d0e|1.4
14d6fc0d-502f-4ae5-a68e-5dfc05b75079|1.4
a2b919f4-ef58-462d-bf74-52dd17dbd327|1.4
f3cc23b0-ee08-49c0-b0c4-63f97fb26cf9|1.4
af72095e-02e6-486d-b716-8040b1dc6a9f|1.4
9a4b48ea-87b2-4994-87ae-b0c1cb479079|1.4
bad4ad70-77ec-4a24-aa24-65960a43a28f|1.5
539413a6-0fcf-4171-ab99-47a948f9d1b8|1.5
1739a03d-4776-473f-ada7-158cc673f73a|1.4
060d0d35-7632-492b-a101-67f67b41c796|1.4
76ee0f51-28c4-43f3-820f-bb6b6bc5c0d5|1.5
04e91427-18ab-4edc-90d4-6cd9ee92d40b|1.4
29c119fc-9e85-4ea6-a179-a8a5bc5527cc|1.4
0d889c7f-f4c7-45f7-949b-86a73a2c2162|1.5
39acc383-8984-420c-9a3c-5bf42a0b666c|1.4
a1c00c90-f705-414d-b1ea-ec37263ea39c|1.4
70c00ecd-051b-4077-befa-c700578cb1fa|1.4
7d1e9f5e-d9f7-484b-b8f2-532b303ce285|1.4
fbb70e9d-2258-44f8-81a2-1922a4d2077a|1.5
2215bd70-c6b4-4f6d-a18b-bdf73c72da53|1.4
1a8f121c-9364-48eb-b720-b80aa04e33f4|1.4
038fbd27-b5c6-4614-bdd7-0194c920d31b|1.4
99868b37-b6f0-4fa5-96ca-7d3bebd001c3|1.4
97c7b763-a7d3-49bf-8413-ccd190a0d32f|1.4
abe3faa5-12f7-4856-882d-becdb1112799|1.4
fd05da4b-28a7-40d1-9408-df79a6f42272|1.5
bcb29596-0508-4751-8c5c-d24000c3acd2|1.5
261b63c6-8c3b-477a-aee3-df95c3cf7f64|1.4
6925cae4-6a6f-47ae-9998-55a3f7f2f4f2|1.5
262db458-e552-4be6-bb54-438966d58d5a|1.5
5c55ac12-a71d-4f25-92fe-8d92488d937e|1.4
9e619393-ce1a-4cce-9001-745bae5816bb|1.5
6e386ad8-11d0-4df6-95fc-281f8824cc09|1.4
d4dbaa29-da55-4555-b5c3-29f300a20732|1.5
1CD37818-4ACD-47AA-8709-B35ADB3EF6FB|1.5
aff7ab26-4868-446d-a64f-db472a17604a|1.5
e0ba36bb-8608-4f59-a6ce-d5ae0eb40a77|1.4
f14ec082-46a1-45b5-aa6a-bc94c4be7aa8|1.4
0e609c23-9369-4ea6-a15e-ec30701a9bef|1.4
8a788daf-4743-4396-bef4-bd55e8b8eaa0|1.4
4d85d31b-5a92-4ca3-9c35-2a335dd3d91f|1.5
d6405d34-5e32-4dff-8d3d-43846d5ba6f9|1.4
b0eb4534-f103-4bf9-a876-21aec2ced00c|1.4
B9601A28-560F-4EA6-8CE1-3CF7D66EB846|1.5
e3e44a27-5965-43fb-a2ac-d8818611dd1f|1.5
f3c3d205-2f28-4fec-93d7-64eee9bed3e4|1.4
48cfebda-84ba-4957-921d-652bfc261a72|1.5
dcbef53b-c5c4-48bd-88d6-cbcde0a1475f|1.4
0ff641c6-4c42-4d4f-aaff-6029fd2bdbcf|1.4
91e24498-6b75-4ebb-8117-68be5ce046e7|1.4
547F764E-30E2-4D91-8A33-25D87D8178BD|1.5
99305c9d-2135-4ca3-a266-bdb68ce64223|1.4
cc1a33dd-5dfa-4f7c-a22a-4181904ade86|1.5
6514da19-487f-4fbc-96e2-f7cae21119ff|1.4
99FB0854-4E47-49ED-B9B8-02BE82E13DB5|1.4
832ca1ac-239a-4312-8d6f-1436eb8f2a1b|1.4
2cc24280-a959-4cb9-8e63-dc3565832ba7|1.5
d4e11d6f-c87f-4e1d-96b0-dc9df2ef802c|1.4
22995566-d790-41d6-acb9-2170928713fa|1.4
2bdc69b5-fc28-48fe-812f-be9e951d172f|1.5
c204609b-0c52-4ea0-9796-b08a86e7d3c9|1.5
f6816a49-5546-4608-9901-de4d6e2f9ce5|1.4
754E64D6-8E4E-4D28-A3E7-A715A3147ECD|1.4
53301f47-3c50-49cb-9279-a3160014884b|1.4
f409b994-e034-42f9-a335-30b558d9761a|1.4
f1e27f15-a676-49b3-831f-4fc6a926460d|1.4
0F1B04FE-561B-44D2-BE38-F48D69209480|1.5
f2dd73d5-5359-45c4-9637-c69068e93c86|1.4
4B57D416-58D6-4504-9CCB-1E7392446ED3|1.4
fb89b4f0-f4d2-4197-bd73-c6e730ae5306|1.4
f7726fee-4c4e-4ac6-aa07-80440ccce9ff|1.5
02ce94e6-3aef-46a5-80dd-c5166c0913ef|1.5
4dcbf754-115e-4797-a603-46bcc55ad475|1.4
a45c26dc-f420-4d1f-a21d-215ac9e00fa6|1.4
53f9726e-337a-4ed5-b4e9-5d8518a3bec7|1.4
f2894bd9-151c-4b63-8951-5caa70435eeb|1.5
376b0644-13f6-478d-8778-b0af15d8a8d2|1.4
1262160d-fcba-45af-b046-723eb2da0cf7|1.4
45dcfde3-b8c1-49e4-8125-e5d0a1ce7c9d|1.5
046b1a63-c6f3-43ed-b26e-eafb8953113f|1.4
434f1386-2037-45a3-a6c9-49aae7ed1c31|1.5
e82df993-f345-4f95-bd61-2f3070503bed|1.4
30153d11-4c95-460d-85e0-494cadada515|1.4
dea0ca26-86bf-48ab-b3bc-c50032ad27f0|1.4
58b2f5d1-9635-47aa-b2a5-ff32b191ffe6|1.4
7f50588c-8d73-4128-98fd-4e8696eb316c|1.4
be9c8c15-e9ee-49ad-adf4-93b259ab4ed5|1.4
6c9d9aae-2785-4d05-b146-9868ab25f96e|1.5
45062c30-c679-4ce5-8f47-1c7394ea6a78|1.5
0D4B8DF1-DF42-4E84-B15D-CE39EF892E09|1.5
5fa01a1c-9318-44d1-9d70-df1e7f1efb85|1.4
30045262-289f-4d42-8479-7335a69a63c8|1.5
f5429e8c-6acf-431c-86c3-0833fc2766fa|1.4
92bceadc-dc91-4916-b3c9-670eb314dff6|1.4
78b25e4b-ead8-4f39-a194-e94cdeedb8f9|1.4
612d27ce-8fdb-4f4c-82e2-b37489b2b5b0|1.4
6233ddcf-a2b1-4011-a1c6-3fd69558f6ee|1.4
9f7bb8c5-b39f-4a74-8e69-3adf4bb68805|1.4
5801b96c-c17e-49d9-a68a-adfb91d92305|1.4
8bdaae28-f147-412d-8417-7fe89abfdb32|1.4
a80c7e01-ff7d-4bd1-8729-081c8cb8b12d|1.4
a59acce0-4123-4407-a850-2e56f99e8886|1.4
e11bd4f5-9480-49db-98d5-474a393caae0|1.4
71412d7c-b575-412f-8c94-cb33a32d391a|1.5
5c27e0a7-b43d-418d-8dd2-965eeb8d22f8|1.4
429cfd40-1f10-45d8-b965-7460b50a78dd|1.4
81b3d020-a568-4736-9a94-df1f2f6f6218|1.4
28b5a3d4-dfd6-47fe-b95f-e12a2ff54f11|1.4
a2dfcaee-2690-403e-8b5c-0df63a95f5fd|1.4
8053e8ef-3b1e-4960-a5cb-873cbb9c6fca|1.4
c05522bd-cd9b-4d56-a38f-c570708157ef|1.4
f9d3cb6f-84c5-48a7-9bc2-fc9bece11fb1|1.5
95bbf014-b855-4c7f-bdb9-da2b899f3555|1.4
3247600e-3697-4bdc-a388-8028f4d237e3|1.4
7bcd99f3-0445-42fd-b105-5bc855de06bc|1.4
6218342a-3476-4fca-a3ae-35dcc410c88e|1.4
0bc9d3ad-52f4-4a1e-bfaa-9a94264c5287|1.4
6bba665f-f689-4263-a6b3-478aa6b97071|1.5
9c3fdf09-aa1e-49ab-aa35-121c04aee35f|1.4
3b943cc6-9ebc-4e04-92e4-55883a852ebb|1.5
fbc079a2-3af9-48de-a273-982a03cf1c53|1.4
ea3f5668-16f6-403e-8e9b-bce9a794acd7|1.5
624bfad8-d98f-4540-8945-6e6d321203fb|1.5
2c50478a-0976-4419-bf1d-e5e740980104|1.5
d94ae116-ac46-45f8-a1d6-59fad78abdfc|1.5
2326f66b-4763-4429-a200-eb1daf31fa5e|1.5
9407bc8b-c4fc-4b6e-a746-06634a0156a8|1.4
16954907-91c4-4f59-8eb9-898f3890ca50|1.5
c07cd703-eb80-461b-814c-e50fba957039|1.5
1d2e7d9d-78d1-42a6-aa80-18fd9e3735d0|1.4
f9dd570b-752f-404c-b675-6b8d44d521cb|1.4
8a3ba173-46da-4180-8474-3cec4d216ef2|1.5
ad1f2119-af20-43c5-8086-2fdb0d82f322|1.4
6125996e-340e-48fd-91fd-b6c0882126be|1.5
d3275fc9-388f-4081-9fa2-7a0d7272d778|1.5
9e22f7c0-87f6-4752-abea-a7979d1bcdad|1.4
8f4e4e19-59e6-4a7a-a29f-8b0afb55a01c|1.4
8505b52d-4aee-4559-b42e-4e80eac05a31|1.5
17b6000f-76b1-4821-ba17-5017a80d96ae|1.4
f3fe362b-70d4-4675-8b04-5adf12b61c97|1.4
64ac68c6-c3c6-4ba0-85eb-b1327ffac91c|1.4
ac9121cb-7604-4814-a098-4b00b2cacf2a|1.4
1269fb94-172e-4ccc-a829-f31ee6c1da29|1.4
29096b7a-9317-4f79-b4c1-f0c2b3793d4b|1.4
e187e993-dabd-4bf5-bd35-c314200eb32b|1.4
6c5aa188-5150-4fec-9638-a8d8201a967b|1.5
9213F2F4-2E93-4E53-9696-0861EA45E876|1.4
a9f197e7-2edc-4bdd-824a-e40f746fa135|1.4
057787bb-f562-4419-b8ed-b3c068ec65ad|1.4
6d8d4957-039e-4ca1-8ed4-861cdead20ed|1.4
2d9cd136-2fc1-4de1-a5b6-7960b78f6052|1.4
cc0e4c2c-7a02-4959-b8b0-dc0bf83ebecd|1.5
1d13a18b-7d28-40bb-bac5-eaf8e3a25fa5|1.5
42c0e737-dedc-4e12-86b6-6fb8bdf2823b|1.5
5787e86b-a995-42f1-949a-a83c4937dfd7|1.5
53657fe5-3161-4ef8-a81d-c1e616c44797|1.4
5755424a-6527-4225-ae32-14877bf7184f|1.4
a40d9dbb-61e8-4aaa-bc92-7925a203bac1|1.4
f1ba3787-9dfe-4519-bf5d-f1ac8714a4d3|1.5
4716e135-ec99-43dc-8935-0f165ddff48a|1.4
e9def8d8-eba8-43cb-a02b-8fc12c64f216|1.4
c47cf8c9-735a-4120-b9c5-5ffffb5a3733|1.4
9124fdfa-0c98-42ce-86a2-60a5d2bb5477|1.4
01d32c25-33be-4db4-9d71-c6f6bf49de2b|1.4
d022b997-99ae-4545-8999-92ce9898f062|1.4
77b0ad5f-6ead-4e94-83fa-03a9f37dead0|1.4
7ca4f108-9fd1-44b6-9685-777e047db211|1.4
112D26FD-8D03-400B-9277-E0D540D229BB|1.5
d7db8f0f-1a73-4a90-80e1-ceefe2f30074|1.5
ad021799-6fa6-4cdc-a811-b4c5a5886fc1|1.4
1d044d73-e084-45c6-96d4-bf60468d9526|1.4
cdfab157-148b-4122-89d7-66afcc92e0b6|1.5
902fb439-f8af-40b2-ae5d-080f906e5359|1.4
0293a479-0a43-4b44-8cc2-50075dff265e|1.4
6ed6ac43-d80f-4cc4-ac11-079d6fa5cebc|1.4
d1efeeb2-4f51-4dbf-968e-3e6ad21a3ec7|1.5
c179b79c-79a7-4409-ac0a-2cb096dc4b79|1.4
0b31a65e-eaa0-4d98-a6f1-b6e5d0790bff|1.5
2906dfda-9789-4b4d-ae6c-80f9474bdb3b|1.4
2dae1a91-3af1-4a0e-9d86-e8014ff34402|1.4
a27d83b9-0330-4f2f-a0c9-f569ff10ab12|1.5
cf50a8f3-a77a-4a2c-9f50-adb047a3d4c4|1.4
4a480997-9a99-4f6c-8def-4ec5bc17f2f4|1.5
2f15125a-761d-45d0-900e-9432820f858c|1.5
3ecfd069-7eca-407e-bde1-d3e6ff9f8fac|1.5
d9f6d6bb-c5c0-460a-ae9c-1ef41864b6d3|1.4
bb7834a1-7655-4ac6-bb8b-02add63aec7d|1.5
295fcfdc-1051-4d66-a068-47097d89bf44|1.4
dcf9ace0-b9a5-4634-89be-b9157e327435|1.4
59bacb99-21b3-4b17-b537-be664d232ef1|1.4
e0e648aa-ceda-4ba0-907a-9d2f811c4f98|1.5
8efbb518-a99f-4888-8d93-ebbf5d665618|1.5
c5af903b-ea09-4541-bae8-fda55469d9fd|1.4
cfbecd00-5f96-4a99-bcef-282bea3ca75d|1.4
32c20a07-4d8d-4a45-852c-87224978afa3|1.4
16a566c0-f442-4096-a28b-3195c3242b51|1.4
13a279c3-94ab-4968-8b7e-bbc138c6295f|1.4
e0fa5b3d-9c19-44aa-a2eb-d95943e52da2|1.4
30c056a7-2b36-43d4-8e05-e280a68db2e6|1.5
57b3aab3-1bf3-4919-959f-4e65a95e690e|1.4
8b2af978-1a04-4605-9b9e-692aaccfdaf8|1.5
0072bf4b-f110-4c36-b8e7-1ee7dc981003|1.4
4d9addc1-c5c4-4780-853e-aff3c1de76dd|1.4
368aebde-cdc4-4949-b45e-5b8757ba2e4c|1.4
ca80e892-2189-4c7b-bc0d-f348a38a7a76|1.4
68ad723b-8de3-4a64-91dd-1a8752e3e244|1.4
fa3d993b-4a44-490c-b588-2aa9e5cbabc8|1.5
e1d541ef-c663-4f48-aa76-64ba3dd62080|1.4
781dc924-8f59-4e5c-8c9e-8e761370c3e2|1.4
37e2f8f9-ac73-4db9-a64d-082087841b45|1.5
5559b6a4-a262-423f-b0ea-476eefce4bcd|1.4
1deecf43-a8b9-437d-b814-e834f8e94be6|1.4
1668f250-f83a-40f7-a7f5-17e8bd6a5e7b|1.4
cd59aed4-a080-41fb-aa77-b0ecd7ac8cc0|1.5
731ae25c-ad18-4fa4-9ba2-836b72778ded|1.5
b1737b7e-ec55-4174-9376-df2cfd5bbb47|1.5
a1a0fb3d-f74c-4081-985a-ee44e2be6fbc|1.4
46de553d-e6df-43d7-82ae-0dfdb86b44c0|1.4
916447cc-83df-451f-89da-c32c41b05b3e|1.4
21b95998-0a1b-43de-94f3-df6138a2844a|1.4
3d9b355c-4776-4aae-8121-c2a15fe2a5d5|1.4
804ca61f-bb89-4f85-9a17-4685dbaeec5c|1.5
8b6846e5-9542-488e-a456-36d7b6e8ae40|1.4
611c2f8f-0fac-4b73-8c1f-4c3761a4657f|1.4
8dc6dedf-6c9d-4991-890e-13cc90379f66|1.4
4cc2b4ca-2524-4cf8-abf6-c87bd961c142|1.4
1ec1b33c-738f-4b54-9074-e7359b3adc18|1.4
fad31b98-0d04-46e3-9c8c-ab56e4fa4259|1.4
2dcaca18-03c8-4ae2-b66f-da7dc23fc5ce|1.4
131c5e8b-d266-4817-9a6b-3e240ea605fb|1.5
73fdb023-1fee-4181-ae34-bd888452101e|1.4
96CC7C31-3DA1-4BAF-9DFC-F1CD1766F4C6|1.4
950691ca-c054-4375-aadb-281583f2b1a6|1.4
7c8821e0-98ea-407b-95e1-5888d2a88556|1.5
a75f0f05-fa4e-4e69-8f3d-c24c103a0949|1.4
e14c9173-e4aa-415e-a9d3-97c9d652a300|1.4
e90a1d30-b9a9-4dbc-83d7-495c56963c82|1.4
18b236c4-b2fe-453d-b305-fd835a06b8d3|1.4
b5da9da9-1708-4f32-809d-49ebe339432d|1.4
d1c14117-8565-4ef4-9ea2-820d11903a00|1.5
5c4fd0b4-1b14-4fd7-91a4-a26d92756290|1.5
fed8899d-27ed-481e-b1d0-4b78fa052d22|1.5
984ae6fb-e153-44a0-98f7-5936e773acac|1.4
96cc5ca7-db7d-4cf8-a5b7-288eaa61ecf5|1.5
600febc7-a9fe-4f8c-9487-763c86a6d7b0|1.4
8fa25e44-d2e4-4447-af2c-7038f0a20c83|1.4
701a9f5b-302d-4034-afe5-242d1efb6bfc|1.5
f1574c75-585c-4ded-9799-9e8ba50bdd98|1.4
691a3d2e-cae8-4ca1-ab94-b1da9e258a45|1.5
64974583-fe58-418c-a84f-8a9aec00e822|1.5
3eb9d996-fcab-4934-9f17-9ed35d8576c7|1.5
ab87f8f7-446e-41f1-9c1f-a0b8ea34dfe0|1.5
7ebb8fa3-7db2-41c5-be63-dc80d050ba89|1.5
152bbb05-0bd3-4d14-9655-354dac302884|1.5
94AA85FC-07E3-4EC8-BE65-8403747DE78F|1.4
a2c52490-87ff-4071-b9ed-e8890ce051a9|1.4
4a6a1e05-64cf-4b39-96e5-2988edf58329|1.4
de4c34fe-5f95-4e07-aa28-a66dc05352c8|1.4
64127149-401e-4f7d-9904-0f2ee9f5240e|1.4
fdb04e54-833f-4d61-a54a-28b6003886af|1.4
5a83b94f-0464-420f-b285-d3c3d64e4fca|1.4
a6c04a6a-8398-4774-be69-ac0ebd1ecb4b|1.4
3c7785bc-fe70-495f-9b2d-7fe4fd0cc547|1.4
0faeed6a-5553-4a7f-a0b1-18e14e244caa|1.4
cdef8e79-bd52-46f7-8b73-9a8230903339|1.4
f6681b2b-ae3b-4178-ad72-2ec28668e845|1.4
1b4172b7-3393-45b0-9fef-2a28500f2e66|1.4
69b9330c-0998-4610-b283-3298c296253c|1.5
77485e9f-a92c-4c14-b844-d0ef23820317|1.5
ac2bcfaf-3155-4333-a9a2-a457ecbd4b9d|1.4
dd6dd8cb-a1d5-41c7-a680-6fe6ac48aa7a|1.4
42837951-dcb4-4fb9-bc9d-5c3126ee2ca0|1.5
42fde8d6-6e88-428b-9a81-c2d87492db03|1.5
7ee25f49-48b6-462d-b0fb-8e5160cc0cfb|1.4
c204a55b-ca94-433a-9a55-adc12649f0cb|1.5
f757f475-b776-4f59-a6f5-19c96d0da175|1.4
a93a206a-899e-44fd-8ca5-bdf135c27ffe|1.4
a1af52ee-07e3-49f6-ab5c-922217b62d76|1.4
498b2474-fedd-4df0-bc83-fa6c9eed7e5c|1.4
802c15cf-3a1c-4706-b0f0-6ca3d40ebca5|1.4
ea47af53-c028-41e7-bb50-1aeeb6c0c7fb|1.5
e162bb08-2fdc-42d3-890e-03c6dcf441f6|1.5
64e9a69e-da46-44a4-af56-12465699c005|1.5
4e3138e2-669e-4090-a935-96b9d27f854d|1.4
58934a13-71f5-477f-8338-ea8504dde5db|1.5
cfb37369-68d1-4151-9ca6-cec4477cb58f|1.5
ca24cd4a-ea49-4cd6-9826-52222e9aaf0c|1.5
03e579d3-a9b3-4706-9748-60268aa0878f|1.4
61f0035b-b298-4887-a268-90ce29d8f770|1.5
b09defa0-c835-498b-8eee-0c7c5f08445b|1.4
144d86ac-4025-451c-bfb8-288c45e8eff3|1.4
2a6d5c61-34da-4b93-bf12-ad351fd8ae36|1.4
cb2c1b02-1914-4b5f-be71-9ae6df8d27a9|1.4
63cd0ac8-fe27-4688-a52b-c93a947a3932|1.4
923c04fe-2ce7-4135-b86c-25ee552a0467|1.5
7be06099-71e0-4a62-88ce-9d67eed81e64|1.5
b063b9d8-f19c-4194-b924-2a11f5ecc686|1.4
892aaf49-2efa-471b-b61a-3466a18574d1|1.4
90b7c58c-0367-450a-834d-8b7a05342910|1.5
9583ef73-c6e3-459a-9889-5734c3268e0a|1.4
cfd84c91-0bc5-427a-9d68-1fb6e819e7f0|1.4
181500c8-a762-4c82-9b4c-449ddf4d949b|1.4
6acb6a7a-8615-4e04-bdbd-49df10810186|1.5
d1535eb1-2af3-4eef-af31-c4153ebb7f20|1.4
ab2b7f88-1c9f-4661-9e3a-3d471de14a56|1.4
5a4c3e36-e044-4f3b-854a-f52c02be803b|1.5
0fae753f-23bc-4214-91fc-7118e6c591f9|1.5
aa67f68e-e3d4-448b-9930-3aed61324c7c|1.4
5cafa979-6613-4264-8058-20d4f4293b6b|1.4
2a54ec55-70a3-428f-8adf-15c7c6b8e3d9|1.5
e55a9844-bad2-460d-a9ef-509afc684a17|1.5
d77ac9b2-5c26-4939-b2b5-24c8631772a3|1.4
47b5fd2c-f044-472b-8dfb-357e33c59715|1.4
fd5692a7-b6ed-4176-9ff5-f7b2cb7097c6|1.4
9c3a4da3-7404-4aa9-9757-f3fde9b3e6f5|1.5
34226200-04df-4694-bce4-65dbcc6d25b8|1.4
e53a0571-aa82-49ef-a3dd-104e8b2ebdb6|1.5
02f30272-9f79-40b1-a423-05663f832b0c|1.4
3b7df416-b73f-496f-997b-9c9352cde0c4|1.5
7f6ff89c-1634-4baf-9fca-9ee0aa6437a7|1.4
16665c55-5d95-4f2c-a33d-294d3a15beca|1.4
03b2bc5e-6cb5-4f12-bdc5-b0a26b3b98c1|1.4
3b8f21f9-b3b2-4a1a-94ee-5a5a87819676|1.4
7d921300-23c0-4224-8c4e-8f045685fa57|1.5
34e1bdc9-6f48-4fa1-b63d-1ed628960661|1.5
34e5919e-26f7-4c90-bb0b-f100535f0c4c|1.5
70edb386-9761-44eb-9693-5908e61891b6|1.5
8d630ff7-435d-4e00-abde-5fe5ef5a6349|1.4
774de748-bc27-4cbe-93e1-297a0691685d|1.4
e1ff2360-56e2-45da-a0a9-89a8ffd827f7|1.5
9cad7e09-9825-4e92-b0f4-66f8adb6fa14|1.4
86d98529-c2a1-4f37-8177-01af6bbb2bff|1.5
a99c92d2-a42d-4161-a4a2-97a4822af663|1.5
af8b38a0-d989-43b5-8a02-f493e55ad75e|1.4
1ae05987-2dfe-4e2f-8d30-8f6bc378e357|1.5
54286045-9df2-4fb6-b6ec-8e1245b8b5a7|1.5
40954e52-037a-4744-a0aa-b0d33f121603|1.4
4e606c0b-7bd3-4bb8-ad96-ad4340c7799e|1.4
894b9942-757c-4124-a253-026ca5df80af|1.4
86ebb6b3-038d-42ad-b90e-1ad23acd73e9|1.4
cc634471-1a0f-4810-a746-6d329586b872|1.4
2e7986ae-c3d6-468b-9bfa-4cb85413f286|1.4
76f5e460-96e2-41a2-990a-008bf7fc1fe4|1.5
d2b13395-f3b7-4fd4-8cb4-a58ba96e554c|1.4
38ef54e8-1641-4da6-97bb-c54de7deff70|1.5
2edb2c5c-804e-4c48-97b5-bd3850b53378|1.4
a6f94cdd-8e00-4351-8bc9-474fdaccdb84|1.4
000087a8-fe19-43ba-befc-bb315eed3895|1.5
B599C75D-551B-4614-AFB9-7CBC179A39A0|1.5
131e66ed-7f35-42f9-b7b3-f097841c5b3a|1.4
d7a06bc8-63b9-4c56-9639-54df9592410d|1.4
5cdbc180-c0cf-40e8-bfe8-e26e7e272597|1.5
5339b5dd-4b0e-4816-8578-ace159eab8cc|1.5
9c988d59-cdd5-4b21-808b-2ed5e5a09397|1.4
ebb6cfc9-cb74-47ef-ae1f-c5b87bccb9cc|1.5
21e80a10-877f-46a4-9eff-7d1f976c1d14|1.5
fec41caf-9d5a-48cf-8d4f-ed6c3a72a787|1.5
12c269c4-a789-4963-88aa-713f40e5e2cb|1.4
b5d175d0-7273-4fc9-8934-ee846ceda498|1.4
ac863139-6302-4819-92db-682a03c76b85|1.5
f7f58ee6-b31a-458b-80df-421d77a9d3af|1.4
69235eab-fe6c-48c9-bb38-3e2d51174f97|1.4
c096dca2-054e-4e3b-a880-bb99db7d6d0c|1.4
b4560e05-106a-4eef-a41f-5d70e1921e35|1.4
a2230dec-5142-409d-855c-d084a3d073c3|1.5
46d77f1f-fbf6-40f8-b691-7718a229c092|1.5
3f9f84ea-74bc-43d8-bc1b-d9d01e39ba20|1.4
19384805-1968-4ab8-9597-276527f82f5e|1.4
c2c05810-faa2-4a67-aa11-c449923cbc78|1.5
8c858232-0f5b-444c-b435-73b77d674bf4|1.5
87967de7-4550-42c5-a1cb-31aba0786a3d|1.4
5d7fde6b-4bab-40df-8518-1ca313b37891|1.4
488606d2-7698-4cf8-b90d-d8de942f2205|1.4
66aa1d3a-2ba1-41f2-b08b-ba934495aa18|1.4
79b6dbb0-96bf-4bfd-921c-38394237be40|1.4
e764b70f-4366-4bb2-841e-17dd237de8f0|1.5
41005c26-eabb-4657-980a-be3906b25e4d|1.4
ac9963f2-4111-4d52-ad6e-cdc17a9da5f5|1.5
2014323a-969a-405a-8768-77c05a172175|1.5
be4f85a1-ba61-4439-9f4b-240bc876a0c4|1.4
03c40ffe-3345-44d3-adb6-46918c5fc1fb|1.4
073feb55-9d48-492a-a7d3-24778bdf2720|1.5
a41891e6-3e43-43c5-b13a-5b4df80df1a3|1.4
8ca200ab-fa94-4d03-939c-ef39b313d8e8|1.4
9b34aef2-3ac5-4bb7-a06f-642671597c2c|1.5
abe30e3d-1704-4060-8e72-b375268d7049|1.5
cd305ebc-8142-4da0-a005-425e33976f50|1.4
de5018a5-2009-492c-84d8-e0e08301c94e|1.5
eccf5b4b-c351-44f9-b509-9312f851dcf0|1.4
65313992-7b46-42ec-bb41-ef66fd46bfeb|1.4
85EAAC7E-D8C9-461E-80F8-8FBFE150D875|1.5
da5fda63-21dc-42cb-a0bd-8c96170ff3cb|1.4
1980445b-e5ca-49e5-9059-90b9a4686ace|1.4
F28114AE-E12E-4158-BC25-9FD01C01FDC4|1.4
56cd8cad-a5c6-429f-89b4-b86252414323|1.5
9786a029-3f1e-4011-9b5b-b649ed39ad13|1.4
76fa9099-4c6a-4656-8221-e589e52df0f7|1.4
2183fbeb-95fd-4c6c-ba4a-26153cd28441|1.4
a8948c8c-fa96-44bc-b0b7-f2670afb6cec|1.4
248e1bb0-8120-436c-8908-bab1171b0ac1|1.4
cc7aefea-92c8-48c0-987e-cd8afccfd135|1.5
c27417bf-e0ce-4f89-aee2-76f7235f2bd0|1.4
dc622c6c-e81d-47dd-a1fd-816bbb5b5cd9|1.5
4c1c0fe6-8d58-470f-aeec-425cf3fd5b7c|1.4
3e3cac20-9de2-40a6-8e16-84a70a8c2790|1.4
d4339c35-930f-4d2a-9d03-eb353497fbe7|1.5
d4fb3f7a-bc6e-4000-a794-e7a3aaeef402|1.5
93b83a5e-56ea-4fa1-8318-cfe818c1062a|1.4
70b89717-6756-4e4b-a293-76d3ddc9aa79|1.4
1ef3288e-dfdf-40e9-998e-dd3feac575bc|1.5
782b8f67-06e6-4b25-967a-56c32690dde1|1.4
98736d72-6a23-4cb7-acfa-340f99625632|1.4
aa9eed90-8ba9-4d14-aeae-24f23069c739|1.4
c4305bbf-d9bc-42e4-9bba-d9a7bbfb4324|1.4
f265a5a8-9263-46a7-a583-c192c2d79654|1.4
23a07cad-c373-4d61-b107-219b2b748f6f|1.5
63784210-8fdd-4a91-b554-7ca3587245e6|1.5
37c0fc22-baac-4d2b-b96b-1457162568f7|1.5
949a79a6-0d21-4dc9-a83c-09dda5e7e86c|1.5
545e8f61-1fa8-4a48-9294-d4e275699459|1.5
77824ea5-3c39-49ce-814a-c53f16d8dd79|1.4
35189e89-f795-4c75-ba4c-eeba11043af6|1.4
dde49525-edcf-46ca-a1c2-75f4173592d3|1.4
7b647d06-c4be-4f2b-bccd-b15141649e8e|1.5
542a27f8-2070-4135-bb13-548d57d5597c|1.4
c824fcd7-55fe-4ca3-850a-c35dc7eca102|1.4
e3b2c7d0-7f82-4d72-80e0-22dc316941c1|1.4
9aed4b43-dfc5-423f-89ac-8131e35eaed9|1.4
421ebacf-9d81-4268-b85b-95a3b24a1f7c|1.5
589d5971-8c6c-49c3-a16d-52e0cf377ea1|1.4
d43ddbd1-16b7-4a90-a412-0c895a2a6f62|1.4
e8595a1f-4564-4f22-af4f-9160be8fe799|1.4
05ac0867-2420-4e6a-b7c0-014329c48652|1.5
1fadc7cb-9154-4a91-b749-cd95997e07f1|1.5
5f109641-5011-4044-888a-e40190cd51a9|1.4
ea740777-6a7c-4d9e-8c74-a98561144171|1.4
d6ba2339-dcb4-45b6-b992-229b7e24d13e|1.4
b21eb11a-7c61-43b1-9635-ff4dd4014215|1.4
cdc4724d-d72e-41c7-8a7d-c143be811ef2|1.4
28835db3-2d7a-4916-ad8d-192bc758dfb7|1.4
944c6ea6-89b8-49ea-8bfd-5d8bc40717be|1.4
1464c713-853d-4aab-ac02-907a769938de|1.5
6a62954c-c596-47f4-983c-6188175424d2|1.4
a4fb50e1-e3aa-4302-8de6-fdf3c5625c68|1.5
b73a21c2-a901-458d-9817-a14af2acd1f5|1.4
df14e3b2-60d9-42be-9b93-aed78511b17d|1.5
8a3c76e5-9753-4258-9eb6-f8e96bf462a9|1.5
8e473d5d-4e9f-4864-9300-441d717178c4|1.4
58c7f054-0694-41db-9e51-79260bd66586|1.4
f1c44fbe-b8e7-4c2c-96cf-38f48cb98af5|1.4
b7246044-d7f3-46dd-b297-186739f4c44a|1.5
394531c6-627a-4be7-b5a1-e01fa183d3aa|1.4
851f0319-8c0d-4338-8d5d-0d886cfff418|1.5
79d8321c-db0c-45f9-b148-1ab0b06e33e1|1.4
b0f258c4-ff8c-4f4e-adff-317e344a2adf|1.4
84733d8d-6e8e-401d-b451-7234be96f1c0|1.4
af048696-bc9a-4893-b3da-f513c847006c|1.4
95929665-805c-4fa4-9397-2f5a93285f1c|1.4
0277739c-5217-4ea3-8b00-5de33388bf74|1.4
51d291e4-4ffb-402a-8563-18e9a173c4f2|1.4
56f8f88d-6534-4d8d-aceb-040b508579ad|1.4
a1eab7b6-b2ac-4695-a34d-2d93f1e2c9e8|1.4
97ce6a02-7466-426f-b3dc-5514f7e79b70|1.5
e6458b6a-9e73-4a5e-a628-9176e91a1e96|1.5
b970c988-8d3b-41c8-89e3-c894d74f40eb|1.4
bc56e812-7698-4a1e-b43d-9fe02d2ee63c|1.4
78cfcef8-c97f-430f-82af-0aa0e8aa76d8|1.4
40d1764d-f0fc-483c-84b0-8d85d41b1ac2|1.5
7cc7a482-148f-49f0-b6df-714aa6360272|1.5
cf16f71a-e813-4b76-a2cc-4cd1c86b5189|1.4
c07c16b5-4cdb-459e-b463-8268b6a3f08b|1.5
5082c0b1-bc17-4447-a07c-f6176149e523|1.5
128ec48d-8e10-448b-a63d-5183e5cdc0b7|1.5
54473c6f-d646-4403-a294-287c4a9e22d3|1.4
a540701c-d291-4cdb-a591-c1b32a38c133|1.5
3e6993f7-d2cb-4c3f-b96c-d0052aea56ef|1.4
3a2fe3cf-b2bb-424a-abd6-bb28f2ff9780|1.5
7f0968f5-b4b8-4d92-824d-e3014d528eca|1.5
b2677e1a-9d77-4e0f-a9fa-32812ae085b6|1.5
db042b6d-85ed-4810-9f09-99a2443ba182|1.4
9edbb26e-7917-4afa-a6d9-6bb9d114d9cc|1.4
0ca92086-17a5-422a-ad41-a8b2327d6f22|1.5
c2983f4a-959e-4876-bd91-099b1bc2f547|1.4
2de5564d-13ca-4507-ac54-7791a203f761|1.5
bb95d601-508b-4517-ba94-87436aa6b094|1.4
489209a6-ad5f-466d-ac21-50ae8ef963b3|1.4
28111fd5-bb22-4160-87cb-24deb31fcd47|1.5
495ee8c4-9393-4c06-bd95-da9f1a2b8e23|1.4
2bbb24c5-27b6-4947-94d2-6c91073e41d3|1.4
7649ebfd-c718-4e41-bb8e-13fa09910323|1.4
8e53e16e-87b9-44f3-8b92-f5343d38b0d7|1.5
068b2a5c-1aa3-4217-9a85-c382cec43ee3|1.4
b2ee29c6-7263-496f-9978-9f9ce1b82693|1.4
18744df1-1dbf-47ee-9af5-4451b5a6509b|1.4
27a5ba81-ac9e-413d-8355-b5424706d879|1.5
79d4cd41-555d-4538-8837-d89746a480c0|1.4
cb9de8dc-4cb6-4efe-aef3-8776d17d56b8|1.4
32e2ab34-d53e-4e21-a2f5-02d59d02d17a|1.4
3424a716-3b2c-4cec-a781-986a5eda27ed|1.4
db160d4e-71dd-4d15-874e-89f5b4bfbae7|1.4
8ee479a8-6e68-4985-864a-8a118a6f7b20|1.4
f63a9637-fd1e-4511-af77-97ba343f52ba|1.4
2ab572d0-eb7b-4da3-b05f-6786851031bf|1.4
5e65566b-6d19-4d10-91e0-da6c0c9f8ccb|1.5
ba6590fc-634e-4966-a6ef-d3ac432457e1|1.5
71f846f4-f7c1-4d51-b0aa-115e151763e7|1.5
3537691a-1384-4719-bfde-239455cd55d5|1.5
66e4e5b5-e54c-4f16-b95e-1c0e0fc58825|1.4
f29cdbf6-79bb-4787-9a44-df489abc928f|1.5
405e59f3-f126-481f-819e-0483f3213f88|1.4
cac1e5a0-af39-4deb-b7fa-cc1e1167320a|1.4
56d71d19-82dd-4d13-a9f0-83ca1cbafaef|1.4
a88f7a44-2ca4-48c4-bfaa-12cfbd1e6937|1.5
28d95795-dd47-4f07-b9f0-15018119461a|1.5
e7d87c61-c93a-4c0d-9b89-9335a7b7d62e|1.4
8a46ca57-7ea3-4101-a9fe-7f4da1345dc0|1.4
edef2f66-da45-46f1-9009-474a1d4e5fb8|1.4
4862ba43-e9d8-437a-9214-c985c62e8ae3|1.5
a9ca4d2c-9c1d-4f96-9a09-9acdf0bcb88f|1.4
9538dfa2-3da0-452c-b8b9-77a7f87cd035|1.5
543fc744-5d8b-4d48-8819-41e99bf5c6f9|1.4
b7b9c292-d6aa-4036-8bdc-bf09f9488f68|1.5
6d373aee-7e51-4424-a379-7dfb2f068b7f|1.4
e4b9f840-7eb9-4256-94a6-77e42a0ad855|1.5
BA2093DA-87FE-4189-A3C8-E523D5648AC5|1.4
863353C2-6842-4401-9715-1FD9F42ACE40|1.4
a9ace7e7-2060-4832-8c90-7a72e1774943|1.5
3e6c0c2f-8fef-493d-a3c7-44acad3f240d|1.4
07ccb61c-ca84-4a76-bbd4-59da49f31958|1.5
98763e99-daf4-4d79-8a1e-ee78f5c52c12|1.5
7b91bbdc-aeaa-4fcf-816d-e1ef7a492b39|1.5
a72a9dae-11fe-4328-be94-c4f21920bb59|1.5
852e3e83-4de3-4c41-ab99-d32ff1d17d52|1.4
19e742ee-d9b1-4fdb-918f-d9be5f832083|1.5
dbc686e0-818a-4aef-ad38-b09e09303798|1.4
36de2faf-da70-477c-8a3c-2a86b4c7b1de|1.4
4e4618c1-0d36-463e-b14f-1e522e834e60|1.4
468cb679-b8d9-4d4a-a170-9d5ef9397932|1.4
aeab8317-d122-4ecc-badc-d3ba92522597|1.5
f4f1ef71-edba-4a29-aa3f-d01329be9a72|1.4
ad20d9a0-627f-4405-9304-f6ad8e94ef9c|1.4
816ec1d2-f14d-4d9e-ab1b-a379d78008b0|1.4
8c31e1e9-08a1-4b25-b458-963dd018f9a4|1.4
28038cf9-bf8a-408e-ab11-5a2b21f60626|1.4
e4385acf-ca35-43bb-b403-ca950f43924b|1.4
6E2731C3-682C-414A-9CD3-0B6E3619AA02|1.5
5f2c5e75-e3bb-49a9-8066-0a744f33fd00|1.5
1885e29c-a37b-47bc-b9c8-4585f2ade76b|1.5
7d7ad61f-c30b-45c6-a6bb-f776582683a3|1.4
6b0b97a2-c4b1-4de4-9be2-b6353ed92f86|1.4
fff85423-1b7d-4d82-96bf-cd3b5dd83dca|1.4
d92e71ee-145c-4e08-b8ab-af5bc29b5698|1.4
f04fc6d7-6057-440d-bcb3-05d09cf2399a|1.4
c7248858-5604-49c2-8a66-3799a962e50d|1.5
1d8193bc-9aae-4ea1-bcd5-f2c805de5b8b|1.4
443cf3d6-f213-4b94-8751-f6a4a2668c63|1.5
cdc91995-3a3e-4ee6-926a-6a9b30e8b8c0|1.4
1228da0e-aa9b-4bf8-8c75-7ea0d909b058|1.5
897f7338-ef08-4a86-9afc-2eca4d6f7e11|1.4
58cfd626-8b10-4abe-8ddf-db5bc3fd7110|1.5
a7072e01-0118-4f7a-9474-7fc32082bde8|1.4
e588e0f0-3ad3-456f-97da-3739dcebce54|1.5
f4452dbb-4024-4e68-bdd8-fe860a428974|1.4
056c530d-a976-434b-923e-955386e4963b|1.4
c14d6bf6-e0c7-4227-ae60-53cf8ae90f07|1.4
e6e5d5a0-2c4f-4c62-9410-d92e210314b5|1.4
3e780a8d-e9de-4432-bc9b-9f6b27934518|1.4
50c65169-b2db-464b-90a2-5a6294527dfa|1.5
185aaa59-fb98-4547-a48e-b07b24a1d7a5|1.4
a5674f86-7e51-4c61-aa97-23d9e31898d1|1.4
5541e7c8-451f-4746-8517-acd3d536386d|1.4
dbb45dec-71a4-4ced-a8ae-13550e660704|1.5
46b4a822-d337-40b6-8c08-52c3b1f5ad79|1.5
2aed4770-d0ee-4eab-ac9d-623cde854b61|1.4
95d59ef2-cd01-4681-bc19-edd6cdc5280e|1.4
573274c6-d2e6-4301-87bb-246b601dc9dd|1.5
e7dac464-f651-4212-80ac-8170e98c70b9|1.5
d5fc3924-9102-4860-8a67-f94cbafa4f53|1.4
2b3973cf-375f-47c4-8c9f-646f3c4bee17|1.5
0fbaee4c-4361-45c8-bab3-c51d5e22ebd5|1.5
005f4699-807c-4da7-83ac-a4576e9eb22e|1.4
60c3caa6-3051-4709-a578-13302b9dee84|1.4
09a67d07-28e5-4a2e-a876-6844a1df6513|1.4
cf5f00f2-c7aa-4112-8da0-e4a65809a127|1.4
f79c7c0c-4fb2-4f4f-88f6-0783018ffef0|1.5
a1a47f53-9153-498e-82f2-c914a05592b1|1.5
ea4a8956-5743-4fd7-8fe6-b445347380a3|1.4
89b6f731-7460-4328-b9c2-c133bc4134f9|1.5
ca9c4d05-2a7c-4282-bfae-25672d264a2d|1.5
134fff0f-acdd-442a-aa46-9ddc9a81677e|1.4
466b8a33-37d1-4f7e-8429-c9bbb146ef98|1.5
a0d23bd1-df9c-4527-9b4e-c8d8f02f0db5|1.4
19a89905-7fad-4c65-80e7-fdfaa0902741|1.4
fed0d2bd-3ab7-427b-86f4-8bf420777d9a|1.4
f6c4a1da-ad62-4997-bff8-f6a7f5e0c853|1.5
0e07a0cc-334b-45ca-bc35-ffb1e034fcb8|1.4
4c570e06-8cf0-4be1-9473-5128f7fea555|1.4
e179fd9b-d341-47ac-b802-5352646bf68a|1.4
d7b3c25f-4de1-48e0-a552-d316ecd3330c|1.4
fc4225ca-720a-4ea5-9141-d87e52a7ace5|1.5
cf368905-5256-417a-9ea3-8528496e7a5a|1.5
97d8fc06-9834-40ab-8122-937a2369306f|1.4
95094545-d81d-406e-b0d0-ad93b5260a0b|1.5
48327a70-e3e7-40c6-8b5c-54f0433d0a4a|1.5
514af612-8eb6-4f61-8c59-044a3ceed06a|1.4
0efb448c-a605-4183-84a6-9dc1d976a615|1.4
e93888bb-6732-43cc-b69d-804f54fd0a92|1.4
1ba6c458-3e71-4c8e-82ad-d11c81bad724|1.5
d9438b6f-635d-4c58-a89d-9aa8cf0cf62b|1.4
b72b540d-e546-4b18-b88e-0487530bc0fd|1.4
13710294-8b26-4bd8-82e5-2d5ce5d274e5|1.5
f05eb00d-5777-4fd8-8afe-07f7e46540d8|1.5
3031de7e-48b0-41a4-b78b-7d31abbe9ac9|1.4
ac73ee72-8838-4f03-a841-bb9037b66c82|1.4
d33f26f8-bae8-4fab-a639-cc719e746361|1.4
13920504-d3f3-4a68-89eb-24901287cbd2|1.4
6324b7ff-ba66-4ed0-9734-8b73285684bb|1.4
979ef5bb-904c-44c5-9543-fae4e4248675|1.4
0297e5de-40d7-4e87-be5f-b7033a1de010|1.4
0fdbfdc9-46b9-4c5f-807f-835f0879b2cd|1.4
4c2c58fe-9472-43c5-be1c-ad01e7af2270|1.5
e6072649-ff66-4176-99c0-183d6f844740|1.4
1a0bcb7e-3cc6-4d14-8619-2f1c7491abc8|1.4
BE56BA3E-E3A6-44D2-B398-221BBB634DA3|1.4
e1e467df-3147-4d4a-aa2f-e2c16bbe1acd|1.5
c41ccff6-b7ce-4cb0-a6d5-93afbe57f021|1.5
945a0f8a-5961-458a-a337-565d2bb44c31|1.5
1120745d-a673-4809-8cc9-acb6aa29da97|1.4
ff791779-945f-44cb-b466-fab1a9866b35|1.4
013c176d-6a52-4660-9410-46cc00b5f05e|1.5
12338714-e399-4806-a0ac-1bb669e1fe75|1.5
e494e2f6-b2bb-42d6-8cb4-b9ae998185f4|1.4
f1863eac-e2db-4107-8196-132e7b84ddc0|1.5
e136e44a-a0b5-41e1-a034-7f406d05e679|1.5
8f23731c-ddcb-48cc-9b7a-a0e2dc4d3dab|1.4
cd021a99-46dd-4eb1-8d35-1b0c858bcaa8|1.5
1af586d8-e04c-4a2f-837b-8008d98e3b69|1.4
06eb1c87-f030-496f-bc6f-77bc171e844e|1.4
d907aa40-a1ac-4603-ba31-cd0b638ecc58|1.4
693e732f-be29-4358-aeb5-ff7b734090d0|1.5
a479140b-c66e-47d3-bb6e-4062d912c8b7|1.4
7b7da646-1626-48c6-a40c-29f2e3f3eaa0|1.5
6a5919e7-e053-4d4f-81ce-ef8421f7adec|1.4
9ae3222a-d089-40fc-a6fc-59a2f049ee5c|1.4
6d441d4b-23a8-4a08-90d8-dd5da4756d98|1.4
81043a10-2f46-438b-8c34-e60968dd88a2|1.4
C53DADCE-269A-418B-8FAC-0080BEF694F5|1.5
1473b74f-2310-4b37-bfa3-e3fca601b4fe|1.5
985a23f2-5f50-4e61-a7f3-0245efad2412|1.4
dbc06e17-2557-41bc-ae41-3ee52df0c5ef|1.4
aac4637b-310d-4868-8b3a-75bfa5d30ba0|1.4
f6025016-faaa-4226-badb-0f7a85aa8d7b|1.5
9a79c842-f6b4-40f5-8f29-bafce21301d7|1.5
882564f7-e6be-4030-835e-1347ee9957fd|1.4
464c10e6-b7f8-4a08-bd36-f1d034ff0ee4|1.4
bfd7e749-6288-490d-844d-e55ab205cde8|1.5
c7a58f49-2192-45e3-a979-bb24b5f4291d|1.4
c90d2f0e-cf9e-4e79-a83d-58f97812f5ed|1.4
67926b73-9b65-4446-a92c-bbeaffd85eea|1.4
933fdf9d-8804-4f48-ad05-1e8b4d977853|1.4
176e78ee-b606-428d-a80d-6728d30955e8|1.5
592a6209-29f7-410d-a9f7-6ca079fd39f1|1.4
f11b68bc-e608-4030-9b13-3bf5c0863b6a|1.5
91275cfb-fd68-4841-95ed-36cca4884a04|1.4
A04D5080-F264-4FA8-B29E-D532FB915607|1.5
07686acb-fd94-45ce-8f5e-39d26d25cc18|1.4
71bd3890-e733-413d-a383-48e34467bb09|1.4
f29cb4f6-15f1-4b13-85fb-53bb930ba044|1.5
f2e1cfae-f97c-4c24-b2b3-3a201dcf9e2b|1.4
209a001a-275b-468a-83ed-4244bf62dcd0|1.4
c5fddd40-7c79-474b-9f04-ea9268b1990c|1.4
6a1be1e6-ffd8-4342-99bd-605922b49b92|1.4
8658201b-2874-4ee7-ad1f-705483656327|1.5
fedb5506-fa51-4cd5-8039-9a1c23f66347|1.5
d3ac2b8b-c8c7-4927-9012-2c151f502ee1|1.4
c2d049b7-1767-46b9-9df0-e27b4d6edb50|1.4
3af6a1cf-c3b3-443d-ad9c-04e176d946a2|1.5
3efb3c12-4bb2-4261-9784-ed56f7a3394c|1.4
298f5d78-1f9f-43f5-890a-a8dfb00adf50|1.4
fd36e94f-1772-40ea-9144-bba60b350f68|1.5
c5152f0f-d5ab-45d9-8b22-29948f1d60d8|1.4
96256d1c-9b9b-4eeb-a0d2-d97f7d654d85|1.4
46bb0da6-f5b2-4f79-b480-27ffcb11c9d7|1.5
2c2f3af0-75ec-4d6d-9dc1-187e7acc4a18|1.4
5865ef64-1669-4dcd-be59-9338f606f1db|1.5
16ff6879-230c-41cf-8b24-1c76ee1fa246|1.4
399deee0-a43b-478f-8c82-34962f9b8eea|1.5
86b04358-8dc9-4dd6-9a04-fb15f90a6a30|1.4
07365252-be56-4f1c-81ec-ad0fcf4fe5f5|1.4
4c753926-8622-4b01-a934-3aa49ee0131c|1.4
e35e7e10-245c-4c87-ab82-0e1a0a0f5877|1.4
fbd0f78d-5120-49e6-ac9f-6389e174fe72|1.5
caea6f87-8223-4dde-93d0-a9e13d11a7d0|1.4
82069262-7711-4a7c-b013-501084e624a3|1.4
e77de575-706d-4d43-8002-55823e08a9c1|1.5
1c0fccf5-a396-40d5-8e56-8779dcf01ed0|1.4
4821ecf9-a18c-47d8-82b4-e1a914225c5b|1.5
3e43dbf0-426c-42cc-bc21-851a45a79e67|1.4
b082869a-dc57-4999-801c-ddbb95403608|1.4
40c62bad-d8a5-48a9-8f19-dbdc01b6e7e4|1.4
d059a1d8-db75-44ff-b870-c5e8abdb3d0f|1.4
656817b2-4477-4ccb-a63a-094dca90fcc9|1.4
2d5b1287-8631-474c-b746-68822ddd6d29|1.4
75ff8846-02ab-4460-af48-0070b843683b|1.4
df43acab-3b84-4586-9bf6-16c55f413f1f|1.5
9fcebbaf-3224-4a06-9460-08b3af9f7c7c|1.4
DE1217ED-BAD1-4571-BF63-9BA60A2AA8C0|1.4
aad6bcc2-b3b1-4cd1-8097-6a21c705bd4d|1.4
89ff12dc-f653-4693-9261-f9e83f6a27a9|1.4
4cd9b4fc-3a50-4032-867b-b69a408107f3|1.4
1ebd5d89-6397-47ba-ac04-fec949dfb71b|1.4
55591350-6278-4468-8daa-eb5a7e09b6ff|1.5
aa71d82d-4eed-40c4-abd6-cc495efd3fb4|1.4
85a3002f-ab97-463e-a473-caa2cecbd693|1.4
2010f480-2c93-41f2-b183-171518f816dd|1.4
bc646f2b-9156-460b-89c4-d17f9b044bba|1.4
329ce235-6e1d-4e67-a289-24b73d5956c3|1.4
945573db-5291-428c-84af-921d0ee5fac9|1.5
37346af2-cd0f-4fe5-8427-15aec1c6ded7|1.4
ff08b27e-b053-4c9a-923a-b368a5f0952b|1.4
82bd0914-8e9d-4b1e-9bd0-f87b9b4507e1|1.4
27392bcf-7ff2-4e5c-ac2e-00edc11b5720|1.4
99938a5c-8c0d-41fc-ac2f-fe7e963578c4|1.5
de1f2ce4-3bcb-452f-b075-be30dcc73211|1.5
ce383c66-67e1-43eb-9e73-7ac9b1033bce|1.5
cd9ae078-8958-4a19-8e29-25bf8624cf34|1.4
e9d87532-d907-4751-b10d-7fe5fcf80841|1.4
4f120a41-8811-4014-bc59-da2e33a306a9|1.5
5e387626-63a9-42ee-92e0-02505f198cff|1.4
cb2e65bb-efee-4570-b90a-93770051f78e|1.4
b7cc6cab-ff91-4afd-8fd8-d3d48af4ec89|1.4
6f1c2f96-a602-4263-ad6e-24da839d5065|1.5
a6cf3ddc-2a02-476d-bbff-fd8c9df26b64|1.4
9f218113-13c7-4955-81fb-8ea5a2c767b5|1.5
81852033-0c7b-456c-8371-0f2903204ddf|1.4
95908ea7-f5af-4e48-9d2e-5d7187754152|1.4
09c82788-2629-42ad-a90a-1a37fb8e9583|1.4
22c9cdc5-eaea-42c1-9510-4a53aaa536d9|1.5
878e5142-baca-4148-bc50-eccb24b24f06|1.5
3d9d57b1-de0d-4003-a3ce-4d6de43c247d|1.4
ebb49757-7afe-4eda-8b51-7f8268373e64|1.4
aeddc27c-4ece-420e-9f16-e34b14d7c949|1.4
259b5837-f8f8-4057-b4ef-9864c91beeb2|1.4
692bcca6-e677-480a-8963-7a7de0839a70|1.4
50579f89-0139-4d04-b7bc-3e99e78cc2b9|1.5
0c5c42c2-ab7c-4d6b-8c56-870f9a68ddcc|1.4
ee8b1c8d-e420-41a2-8466-6e65d3765660|1.4
cd92b34c-8aed-49a9-b425-7247ee2fa5ae|1.4
9f5617af-9a13-45f7-a2f5-ea32e553e24f|1.5
a08aad6b-8db7-47d9-a7ef-2b9ba3ac4e83|1.4
8d845e70-4a94-41a4-8ca6-43c2c11a440a|1.5
a9e4c1da-465e-4920-974a-669a59905183|1.4
ee26230f-7427-4548-830a-7158065726ae|1.4
e24d53b1-c71e-4d24-a793-f955f532ec2b|1.5
686086cb-b189-4b75-a11f-a860409cc310|1.4
e166fce4-f35c-45f3-b749-4b2284fd5caf|1.5
86d1feb4-ca61-4286-a747-7c17b468701c|1.4
40e66990-950a-42e2-998d-69f3c610186a|1.4
2578b070-0f93-4ed7-b1aa-fcabf00b0ba5|1.5
25fb8b5b-3de8-41c8-9fe9-b570bb5302cf|1.4
12c04e72-85ab-4959-993e-b8bf62c5ed91|1.5
11a79690-fa65-4e78-8773-679b32708c35|1.4
88cf7026-4405-46aa-a01b-c3c593085ef7|1.4
a4b1b236-de14-47ee-bc76-21b3b9553f25|1.4
d827355c-677f-4c83-89a8-a54b09b38e2c|1.4
54c001de-886f-4532-bc6b-784d61e9fbd9|1.4
a2b3b6f5-f67b-47a4-b195-8a8c9f8fb7a3|1.4
b316831c-ba37-448f-ba4e-e7d99e59cf36|1.4
dd31e176-842e-446a-a82e-470a06178c1f|1.5
0159f890-c756-4dfe-b199-ba2189ef38bf|1.4
26314f66-cf61-48d1-a3fa-f97f0052b6f2|1.5
7f1c600f-b955-4458-bdb2-11bb0feb4f2a|1.4
df152b73-faec-4c39-b6c3-22a6573bcd2e|1.4
088a31d0-f97b-4b2e-952c-2a1282447a84|1.4
95a50d0f-fe3d-4f42-bb1f-017fb6dcaf93|1.4
fcd29e2d-a1c7-4ca2-8d29-be68487d8670|1.4
131754e6-619a-4db3-9b15-2f95bafc3cc3|1.4
ad4f661f-0576-4b83-8be9-2570764a698b|1.4
f31eaf5d-ae39-4650-8404-d7d0c077d053|1.4
16253327-ad82-47e8-980e-567502ee0c3e|1.4
5b8a55b4-608a-44c8-90bd-8c3891d653d1|1.5
